,title,id,timestamp,is_sub1,has_weird_chars,sentence_len
269,u can teleport flat earthers to space so that they can see for them fucking selves,t3_ix90wt,1600750141.0,1,False,16
270,you have the ability to talk to any animal as long as that animal is extinct,t3_ixsw16,1600827183.0,1,False,16
271,finding nerf darts as easy as you lose them,t3_ixtkkn,1600829214.0,1,False,9
272,you can turn invisible while singing this is the song that never ends at the top of your lungs,t3_ixwvb1,1600839329.0,1,False,19
273,you can transform to a rock when youre feet deep in the bermuda triangle,t3_ixi8mm,1600785274.0,1,False,15
274,everytime you go to sleep a baby animal will cuddle with you,t3_ixv9g6,1600834308.0,1,False,12
275,you can jump feet in the air you cannot jump any higher or lower,t3_ixxmcg,1600841806.0,1,False,14
276,everything goes in and out the same hole everything,t3_ixvl88,1600835310.0,1,False,9
277,you can literally talk out of your ass,t3_ixmx53,1600808485.0,1,False,8
278,on drop down menus where you select your state during online checkout you can always spin it to exactly your state,t3_iy2e8b,1600859487.0,1,False,21
279,you win every armwrestle at the cost of shitting yourself,t3_ixoduf,1600813514.0,1,False,10
280,when you hold your breath you can fall through water like it is air,t3_ixj23u,1600789635.0,1,False,14
281,you can make needles come out of your fingertips like wolverine you are not immune to the pain they cause,t3_ixtbc0,1600828444.0,1,False,20
282,naruto run grants speed increase only when youre being filmed,t3_ixr5q9,1600821921.0,1,False,11
283,you can play any wildly inappropriate song on any instrument with perfect vocals any time,t3_ixqy7v,1600821324.0,1,False,15
284,every time your poop weighs more than ounces total someones bud light is replaced with pineapple juice,t3_ixp4lr,1600815872.0,1,False,18
285,you have the ability to stop seeing sperm sex nut posts,t3_ixndmu,1600810102.0,1,False,11
286,you can make your enemy google search result always start from the last page,t3_ixqvql,1600821115.0,1,False,14
287,you have super speed it can only be used when your eyes are shut,t3_ixw313,1600836864.0,1,False,14
288,the ability to learn and play any song in the world on guitar at request,t3_ixrm8u,1600823315.0,1,False,15
289,you can easily catch fish with your bare hands while in a metropolis,t3_ixte2p,1600828670.0,1,False,13
290,you can change alcohol into water,t3_ixppoa,1600817653.0,1,False,6
291,you can take any counterfeit money you find has to be realistic money so no monopoly money and turn it into real money,t3_iy30ay,1600861970.0,1,False,23
292,you can open any type of door if you have thieves with you,t3_ixnihv,1600810577.0,1,False,13
293,you can eat and digest diamonds,t3_ixk92l,1600796471.0,1,False,6
294,every door you walk by you get your shirt caught on the handle,t3_ixq4pf,1600818896.0,1,False,13
295,you can turn your cat into a dog anytime you need to dispose of leftovers,t3_ixsngn,1600826489.0,1,False,15
296,you always have a bill on your person,t3_ixrgx9,1600822886.0,1,False,8
297,you can super junp by generating a wildly powerful blast of air beneath your feet,t3_ixv7pz,1600834160.0,1,False,15
298,bean bender you bend beans thats it,t3_ixh50s,1600779972.0,1,False,8
299,you literally shit money brand new balled up bank notes come out of your bottom,t3_iwtvf7,1600692834.0,1,False,15
300,your diaries write themselves as you go about your day,t3_ixg8rq,1600776086.0,1,False,10
301,you piss the net weight of niagra falls,t3_ixuwhq,1600833223.0,1,False,8
302,you can teleport anywhere after counting to million with no interruption,t3_ixdzx4,1600767278.0,1,False,11
303,in russian roullette you have an chance to survive,t3_ix6g66,1600742527.0,1,False,9
304,you think so fast that everything seems to be in super slomo for you you cant switch it off so you have too stay in class for a loooong time,t3_ixlf8p,1600802341.0,1,False,30
305,you can open a water bottle flawlessly,t3_ixnn47,1600811017.0,1,False,7
306,for every tiktok videos you watch a random tiktoker dies,t3_ixijkf,1600786913.0,1,False,10
307,you have the ability to poop with such immense force that you can unclog a toilet,t3_ix8bbn,1600748014.0,1,False,16
308,no matter what happens you dont smell like anything,t3_ixh3o9,1600779804.0,1,False,10
310,every time you take a shit it points in the direction of buried treasure,t3_ixh8bk,1600780389.0,1,False,14
311,you can give yourself others backpain,t3_ixue35,1600831658.0,1,False,6
312,you cant overdose on vitamin gummies anymore,t3_ixex5o,1600770785.0,1,False,8
313,whenever you have a song stuck in your head everyone in close proximity can hear it,t3_ixbyxv,1600759840.0,1,False,16
314,you can fart the price of venti pumpkin spice latte,t3_ixfltn,1600773515.0,1,False,10
315,you can only get hard by sucking your nuts in and make at her people hard when you dont suck your nuts in,t3_ixsc9c,1600825554.0,1,False,24
316,everytime an awkward silence happens during a conversation s elevator music will come from your mouth if you keep it opened,t3_ix2tdo,1600731591.0,1,False,21
317,you shoot rainbows out of your hands that turns people gay,t3_ixbsl3,1600759211.0,1,False,11
318,everytime somebody comments on your height you grow mm,t3_ix3kgf,1600733979.0,1,False,9
319,whenever you are hungry a can of baked beans will spawn right next to you regardless if you want them or not,t3_ixmyyi,1600808653.0,1,False,22
320,you can make your crush like anyone except you,t3_ix1a96,1600726696.0,1,False,9
321,you get an alert whenever someones mom is about to beat their ass,t3_ixdbhf,1600764744.0,1,False,14
322,you can talk to any god except he doesnt talk back,t3_ixgbau,1600776368.0,1,False,11
323,you can cause anyone within a closed area that youre also in to fart simultaneously,t3_ixgu9d,1600778618.0,1,False,16
324,you can fly execpt only upwards,t3_ixj7i4,1600790462.0,1,False,6
325,you can break blocks in minecraft by punching your monitor,t3_ixiah1,1600785545.0,1,False,10
326,when you hold your breath you float up like a hot air ballon,t3_ixg9si,1600776196.0,1,False,13
327,your food out of the microwave is always partially cold,t3_ixfdws,1600772636.0,1,False,10
328,you can make your skin invisible,t3_ixbw4z,1600759553.0,1,False,6
329,you can summon a magic blue shelf that cant be touched and disappears after minutes,t3_ixipbk,1600787750.0,1,False,16
330,every time you take a shit you gain one cent,t3_ixct1b,1600762826.0,1,False,10
331,you can drink like using a straw without any straw,t3_ix2tl3,1600731610.0,1,False,10
332,when you look at a tree you know the exact amount of leaves,t3_ixg7ya,1600775997.0,1,False,13
333,you can sleep with your eyes open,t3_ixhlwq,1600782132.0,1,False,7
334,you are able to know what someones last name would be if all their ancestors got their last name from their other parent,t3_ixobs3,1600813332.0,1,False,24
335,you can summon a dog that sings thomas the tank engine theme song everytime you are in a intense situation,t3_ixhigu,1600781680.0,1,False,20
336,every time you punch a tree theres a chance youll hear the minecraft theme,t3_ixfxoh,1600774839.0,1,False,16
337,you have the power to work any shower handle instantly,t3_ixgb30,1600776345.0,1,False,10
338,you morph into koolaid man anytime you say oh yeah,t3_ixiy1t,1600789024.0,1,False,10
339,in the game among us you can always get the admin card swipe on your first try,t3_ixgvji,1600778787.0,1,False,17
340,you can stand your own voice in recordings,t3_iwur3i,1600696922.0,1,False,8
341,while watching a movie whatever outcome you thought would happen happens,t3_ixgigh,1600777200.0,1,False,11
342,you can make dead meme sounds when you try to vocalize them,t3_ixet9u,1600770363.0,1,False,12
343,once per day you can cause someones piss to smell like asparagus at will,t3_ixd7xj,1600764378.0,1,False,15
344,clapping instantly turns all of the money under your name into reddit karma additionally once you clap once its turned on indefinitely and any money you earn henceforth is automatically karma,t3_ixfjyi,1600773304.0,1,False,32
345,your pee removes impurities from water in any container and makes the water fit for human consumption,t3_ix65az,1600741681.0,1,False,17
346,you can do the opposite of what ever your reddit username is,t3_ix85x9,1600747569.0,1,False,12
347,the only time you can sleep is after sex,t3_ixgyuq,1600779202.0,1,False,9
348,every time you jump the height you jump doubles from the previous jump,t3_ixco5o,1600762330.0,1,False,13
349,everytime you say what type of doritos you like most you can change your nose to be a coffee dispenser and vice versa,t3_ixgnfo,1600777804.0,1,False,23
350,your genitals sounds like maracas white every motion,t3_ixcb5y,1600761028.0,1,False,8
351,you are invincible also you will be fully aware of your own breathing for ever,t3_ixkkul,1600798187.0,1,False,15
352,every time you sneeze theres a chance that you dont,t3_ixb6q6,1600757060.0,1,False,11
353,you can visualise all your alternate realities when youre at a crossroads in life at will the one that makes you the happiest in the future then cant happen,t3_ix9rp4,1600752392.0,1,False,31
354,while in a hospital waiting room youll hear the doctor mario title theme from the nes version of the game once you get called into the doctors office the frantic music will play if its for something serious and the chill music will play if its for anything unurgent,t3_ix8ezc,1600748318.0,1,False,51
355,you can know whoever read your reddit post as long as their name starts with the letter i,t3_ix9wm5,1600752816.0,1,False,18
356,every time you sneeze a phone somewhere in the world gets fully charged,t3_iwwwtr,1600708079.0,1,False,13
357,every time you blink a random person explodes,t3_ix1rnc,1600728277.0,1,False,8
358,you can turn your pimples into skittles,t3_ix6s44,1600743517.0,1,False,7
359,you can turn all stray hairs in the room that you are in into a hairball that gets thrown up by the nearest living creature that can pass it without trouble,t3_ixenui,1600769772.0,1,False,31
360,you can perform baby shark perfectly well in every instrument known,t3_ix4i1r,1600736714.0,1,False,11
361,you have extremely flammable skin,t3_ix8xzk,1600749891.0,1,False,5
362,you can sense disease in people even though cannot articulate it to warn them,t3_ix3of2,1600734302.0,1,False,14
363,by saying pickles in discussion time you can see the imposter in among us,t3_ix44ip,1600735605.0,1,False,14
364,everything you touch is cake,t3_ix4fjl,1600736506.0,1,False,5
365,you understand animals talking trash about you,t3_ix6tl1,1600743635.0,1,False,7
366,you can turn valuable objects into fruit,t3_ix2r1m,1600731394.0,1,False,7
367,you have the power to blink at the speed of light,t3_iwyin2,1600716201.0,1,False,11
368,you can transform your organs into liquid without side effects,t3_ix0qvb,1600724880.0,1,False,10
369,ability to bend your own sweat,t3_iwycuu,1600715452.0,1,False,6
370,everytime you you jump you can levitate for how long your in the air for,t3_ixauml,1600755926.0,1,False,15
371,you can make any gun your currently using malfunction misfire in anyway possible,t3_ix910c,1600750149.0,1,False,13
372,you can automatically sense where important objects are when you loose them like your keys wallet or phone but everytime you do you get a horrible migraine that lasts the whole day and no you cant control the sense,t3_ix8vb8,1600749674.0,1,False,40
373,all of your reddit posts are successful on the st night of september,t3_ixbexo,1600757864.0,1,False,13
374,you have a keyhole in your chest and abdominals that can be opened to access a pocket dimension about their size any vaguely stick shaped object can open them,t3_ix0qwe,1600724884.0,1,False,29
375,you can speak all lenguages mixed together,t3_ixgwgh,1600778896.0,1,False,7
376,you can make peoples spoons fall into their soup sauce,t3_ix6sw8,1600743586.0,1,False,11
377,everytime you dont like someone there is a chance all of your pounds get turned into jelly beans it has to be pounds if you dont have any then consider yourself lucky,t3_ixgqiz,1600778164.0,1,False,32
378,you constantly feel like youre busting to piss though you never actually need to piss,t3_ix7o90,1600746122.0,1,False,16
379,you can sneeze out cum,t3_iwy2th,1600714107.0,1,False,5
380,you can make your blood clot at will,t3_iwyswd,1600717499.0,1,False,8
381,you can turn vegans into cooked steak,t3_ixceex,1600761365.0,1,False,7
382,every time you take a step you have a chance to shit yourself,t3_iww31l,1600703662.0,1,False,13
383,you can look through pewdiepies eyes for minutes,t3_iwyi0v,1600716124.0,1,False,9
384,you can beat people to make them work better,t3_iwx7gz,1600709687.0,1,False,9
385,you have the ability to make yourself look muscular though your strength is very weak,t3_ix2x47,1600731912.0,1,False,15
386,you can travel through parallel universes and every time you jump a universe your existence from the universe you just left is erased in a way no one will ever believe you,t3_ix2bi0,1600730034.0,1,False,32
387,for every dollar you make the person you hate most gets,t3_ix225s,1600729224.0,1,False,11
388,when you flip a coin theres a chance itll land heads,t3_iwvh22,1600700605.0,1,False,13
389,phone text look up spokeo,t3_ixcpzr,1600762519.0,1,False,5
390,you can only turn legos into jelly after stepping on them,t3_ixce2q,1600761327.0,1,False,11
391,you can absorb a teaspoon of water,t3_ix1pg5,1600728078.0,1,False,7
392,you can go back in time seconds sadly theres a second cooldown,t3_iwv8xu,1600699432.0,1,False,13
393,you turn the temperature of anything you look at,t3_iw50wh,1600594971.0,1,False,9
394,anyone you hate will forever get the liquid ketchup first,t3_iwtt9j,1600692575.0,1,False,10
395,you can now use of your bodies capability,t3_iww898,1600704399.0,1,False,8
396,when ever you eat pork you turn into a pig,t3_iwre23,1600682626.0,1,False,10
397,you can pukea out small bits of playdoh,t3_ix2aqg,1600729963.0,1,False,8
398,you can turn cows into gallons of milk,t3_iwpjst,1600675665.0,1,False,8
399,you can move water only a glass full every other hour,t3_iwrwj9,1600684647.0,1,False,11
400,you can increase the friction of whatever you grab,t3_iwtq51,1600692190.0,1,False,9
401,if someone asks you a question while there is food in your mouth hold music will play until youve swallowed,t3_iwptmd,1600676634.0,1,False,21
402,you can turn shampoo into yogurt,t3_iwppgq,1600676216.0,1,False,6
403,you can undigest what you eat and eject them through your mouth,t3_iwsq14,1600687945.0,1,False,12
404,the louder you yell the faster your soundwaves travel,t3_iwtv6b,1600692804.0,1,False,9
405,every time you need to bake something you turn the oven to the correct temp without knowing it,t3_iwqx0z,1600680751.0,1,False,18
406,you can paste what you copy online onto physical posters,t3_iwsrpj,1600688142.0,1,False,10
407,you can throw your farts so everyone will think someone else farted instead of you,t3_iwnlin,1600669139.0,1,False,15
408,you slurp the zippers off clothing like spaghetti,t3_iwrdze,1600682618.0,1,False,8
409,whenever you eat toast you can turn into a toaster for an hour,t3_iwrfuq,1600682815.0,1,False,13
410,you dont need to wipe your ass after you take a shit,t3_iwkmoi,1600659650.0,1,False,12
411,each of your fingers have their own consciousness,t3_iwmq16,1600666321.0,1,False,8
412,when you orgasm you cum chloroform for straight minutes,t3_iwnp7m,1600669464.0,1,False,9
413,you are able to conveniently take out dollars coin or dollar bill of the current country you are in from your pocket s you can do this every hour and the counter only resets when you have already gotten dollars out,t3_iwlgsr,1600662204.0,1,False,41
414,youre slightly stronger than you look,t3_iwlskg,1600663278.0,1,False,7
415,while it is degrees f you can create napkins and sporks out of thin air,t3_iwlf4a,1600662063.0,1,False,15
416,whenever your heart rate exceeds bpm boss music starts playing,t3_iwggma,1600646435.0,1,False,10
417,you have immortality except if you die you stay dead,t3_iwmy46,1600667041.0,1,False,10
418,your prostate becomes extremely sensitive so you will feel sensual pleasure whenever you defecate,t3_iwhk1v,1600649930.0,1,False,14
419,you can make other people not capable of taking off their clothes,t3_iw5p1d,1600597710.0,1,False,12
420,everytime you touch any type of liquid it turns into literal cum,t3_iwl1q1,1600660912.0,1,False,12
421,its impossible for you to be cancelled about anything related to cats,t3_iwsbck,1600686269.0,1,False,13
422,you can turn gold into copper,t3_iwkseg,1600660132.0,1,False,6
423,you can enlarge your shit up to x size,t3_iwi1a5,1600651469.0,1,False,9
424,you have the ability to become invisible to ants and only ants,t3_iwiwyc,1600654237.0,1,False,12
425,you can make people sneeze by thinking about them,t3_iwka05,1600658573.0,1,False,9
426,every year on your birthday you become a random age in your life,t3_iwh3z1,1600648506.0,1,False,13
427,you can summon anything as a downgraded cheap version,t3_iwkh9u,1600659191.0,1,False,9
428,you can allways find the needle in the haystack,t3_iweacm,1600639006.0,1,False,9
429,you can make irremovable graffitti with your piss,t3_iwct61,1600632954.0,1,False,8
430,you can make wheelchair entrances disappear along with anyone currently on them,t3_iwcsje,1600632876.0,1,False,12
431,you can get popcorn kernels out of your teeth with just your tongue,t3_iwksvt,1600660169.0,1,False,13
432,you have the power to travel forwards in time,t3_iwf8nf,1600642387.0,1,False,9
433,when you hear someone or something you see subtitles in front of you,t3_iwf4zn,1600642045.0,1,False,13
434,you can turn any leaf into a crunchy leaf,t3_iwapsw,1600622428.0,1,False,9
435,you get an ceiling fan everytime you snap everytime,t3_iwg43v,1600645315.0,1,False,9
436,you hear music backwards if you wear headphones the wrong way,t3_ivp8si,1600535571.0,1,False,11
437,everything you touch with the palm of your hand gets stuck for minutes,t3_iwejzn,1600639990.0,1,False,13
438,you command the tides yet they dont listen,t3_iwfk4k,1600643471.0,1,False,9
439,you have grease proof hands while eating and playing video games,t3_iwb1j6,1600624064.0,1,False,11
440,you can make someones face mask become loose,t3_iwg1f7,1600645068.0,1,False,9
441,you can store things in your cheeks like a chipmunk,t3_iwein0,1600639851.0,1,False,10
442,you can summon a grandma to cook for you if your hungry,t3_iwf9l7,1600642476.0,1,False,12
443,you can turn peoples chocolate chip cookies into raisin cookies,t3_iw9jy1,1600616709.0,1,False,10
444,you can make anyones sock slip off into their shoe,t3_iwaxoh,1600623553.0,1,False,11
445,every time you blink a random person loses a brain cell,t3_iwa6dj,1600619753.0,1,False,11
446,when you look at a globe or a map in a specific spot the people there get a feeling that someone is watching them,t3_iw5tf1,1600598212.0,1,False,24
447,you can fly when nobody is looking at you,t3_iwb1yb,1600624121.0,1,False,9
448,you have the ability to turn any conversation into a bad japan dubbed series,t3_iwbha3,1600626271.0,1,False,14
449,you can detect simps once you do u must terminate them,t3_iwcv96,1600633221.0,1,False,11
450,you physically cant wear clothes the wrong side around,t3_iw6zbw,1600603346.0,1,False,10
451,red bull actually gives you wings,t3_iwb8bb,1600625019.0,1,False,6
452,you can take the vitamin c from anyone you touch,t3_iwaxns,1600623550.0,1,False,10
453,when you listen to a song the lyrics will appear in front of you in chinese,t3_ivrllp,1600547013.0,1,False,16
454,you shit gold but its in the shape of really sharp thorns,t3_iwb7ii,1600624916.0,1,False,13
455,on every full moon night you can walk faster vision decreases by,t3_iw8ptw,1600612142.0,1,False,12
456,you can turn an orange into a grapefruit by lightly squeezing it,t3_iw7vwa,1600607607.0,1,False,12
457,once a week you can choose to make any person irrationally angry at you to the point where they try to kill you,t3_iw13ge,1600579469.0,1,False,23
458,you are able to perfectly estimate any distance as long as its measured in weird units like bananas overgrown toenails lipstick tubes etc,t3_iw78jx,1600604519.0,1,False,24
459,your opponents bone also breaks everytime you break a bone in your body,t3_iw8onz,1600611940.0,1,False,13
460,you can control every power in this subreddit,t3_iw9jhd,1600616641.0,1,False,8
461,you can turn invisible only while singing john lennons imagine,t3_iw8v12,1600612929.0,1,False,11
462,you get a wendys coupon each time you cut off your limb,t3_iw7m66,1600606347.0,1,False,13
463,each time you point finger guns at somebody that person instantly disappears along with any memory of them or any record including yours,t3_iw6x77,1600603077.0,1,False,23
464,every meme you look at gets increased funny and less popular,t3_iw8mvu,1600611661.0,1,False,11
465,c sweden will play in your head everytime you become nostalgic the more nostalgic you are the louder is becomes until it is an earrape,t3_iw5tbo,1600598199.0,1,False,25
466,when you throw something and miss your target you teleport over to the object,t3_iw5zmt,1600598952.0,1,False,14
467,condoms become sentient to you and insult you constantly,t3_iw716e,1600603575.0,1,False,9
468,you wont ever get speeding tickets as long as youre driving at least km h over the posted speed limit,t3_ivyre6,1600571433.0,1,False,22
469,you have bone claws like wolverine,t3_iwahw1,1600621300.0,1,False,6
470,if you place your hand over a blade it switches places with the hilt,t3_iw6e43,1600600713.0,1,False,14
471,you can tell the amount of us people in a radius of m every time you say america,t3_iw67oc,1600599925.0,1,False,18
472,you can make people remember you for the stupidest thing you did in front of them,t3_iw55q6,1600595513.0,1,False,16
473,the quieter it is around you the more you can ear,t3_iw3bma,1600588150.0,1,False,11
474,laser eyes that never turn off,t3_iw9f1l,1600615995.0,1,False,6
475,you can fly clone yourself stop time have no need to sleep eat or drink,t3_iw2w71,1600586433.0,1,False,15
476,whenever you say what are you doing step bro sis your step sibling suddenly shows up,t3_iw3j77,1600588962.0,1,False,16
477,you get a wand that you can use to print the word pinhead on the forehead of anyone not wearing a mask not enforcing social distancing or pulling down their mask to cough or sneeze,t3_iw6duv,1600600680.0,1,False,35
478,you can break anyones bone by breaking your own bone,t3_ivbvy2,1600483271.0,1,False,11
479,you can prove that anyone does not have a superpower,t3_iw9dw8,1600615833.0,1,False,10
480,whenever someone speaks to you in a language you arent fluent in subtitles show up on their genitals,t3_ivzznc,1600575538.0,1,False,19
481,if you make someone annoyed someone else in the world has their biggest life saving luck,t3_iw0ina,1600577351.0,1,False,16
482,if you drink more alcoholic units than your age in a single day your brain power increases by replicable daily,t3_ivq6u3,1600540410.0,1,False,20
483,the ability to summon any sound effect in order to perfectly describe a situation,t3_ivxfze,1600567246.0,1,False,14
484,your shadow has a mass of one gram,t3_iw603q,1600599008.0,1,False,8
485,you can breath under water and you also die when you touch water,t3_ivzz0b,1600575478.0,1,False,13
486,if you live to remain a virgin and have a child then you get reddit coin,t3_iw4duw,1600592386.0,1,False,16
487,you only dream about nightmares,t3_iw415j,1600590924.0,1,False,5
488,you are able to fall asleep instantly if at least ten other people are sleeping near you,t3_ivysbf,1600571519.0,1,False,17
489,any metallic object you touch instantly turns into play dough,t3_ivw22f,1600562841.0,1,False,10
490,everytime you get hurt onions around you start crying,t3_ivthrf,1600554448.0,1,False,9
491,you can talk to sports equipment,t3_ivx1b2,1600565948.0,1,False,6
492,you can summon an ace attorney style popup whenever you shout something,t3_ivzmm9,1600574291.0,1,False,12
493,when you kiss someone you immediately start spewing acid out of your mouth,t3_ivxcn7,1600566939.0,1,False,13
494,whenever you think of a place you immediately know how to get there,t3_iw1pbo,1600581779.0,1,False,13
495,you have the constant ability to see exactly where every worm within kilometres of you is and what they are doing its all you could ever focus on,t3_iw63sd,1600599464.0,1,False,29
496,you can resurrect dead people they can only be murderers seriel killers and dictators,t3_ivvk0b,1600561222.0,1,False,14
497,everytime you nod or wave at someone in a car their car accelaterates at mph,t3_iw4423,1600591260.0,1,False,15
498,you are frijombre you shoot frijoles from your hands,t3_ivwwul,1600565561.0,1,False,9
499,you can sing i want it that way perfectly only that song,t3_ivx3pe,1600566159.0,1,False,12
500,you can telepathically control dirt,t3_ivtwdy,1600555831.0,1,False,5
501,you can swap bodies with things that cant mentally fight back,t3_ivxw47,1600568695.0,1,False,12
502,you can use your mind control powers on every blade of grass in the world,t3_ivq67c,1600540325.0,1,False,15
503,if youre peeing at urinals with no divider you can force your neighbor to make direct eye contact with you,t3_ivw83l,1600563382.0,1,False,21
504,you can perfectly flip a light switch to balance in the middle every time,t3_ivw7ou,1600563345.0,1,False,14
505,you have the ability to turn into a rock permanently,t3_ivpm91,1600537467.0,1,False,10
506,once a day at random you can telepathically communicate with the nearest plant,t3_ivp1bw,1600534513.0,1,False,13
507,you can stop time or skip time,t3_iw434u,1600591150.0,1,False,7
508,you can resize any part of your body to any size very slowly the cooldown is day and you can resize it at any time of day until am,t3_ivulcz,1600558099.0,1,False,29
509,youre able to tell if someone is a liar by licking their cheek,t3_ivkvzt,1600514784.0,1,False,14
510,you can only type on a stenotype,t3_iw6e6f,1600600722.0,1,False,7
511,you can cut your own skin with fallen leafs,t3_iw67ed,1600599895.0,1,False,9
512,you can see a number with exact measurements in a number system of choice over everyones heads of a shit they taken exactly years ago,t3_ivuty5,1600558863.0,1,False,26
513,everytime you say this day cant be worse bird poop will somehow fall in your mouth,t3_ivwauu,1600563632.0,1,False,17
514,you can stiffen paper,t3_ivrpjl,1600547483.0,1,False,4
515,everything you push becomes smaller the longer you do so,t3_ivrpis,1600547481.0,1,False,10
516,you can make songs get stuck in peoples head,t3_iv415b,1600455989.0,1,False,9
517,an very irish superpower,t3_ivz88i,1600572977.0,1,False,4
518,you can take a random persons on earth shit for them,t3_ivuukg,1600558915.0,1,False,12
519,you can control the psi of your ejaculations,t3_ivoaf5,1600530527.0,1,False,8
520,everyone can hear your thoughts,t3_ivtfgd,1600554223.0,1,False,5
521,when you anything smaller than your hand it will bounce like it is made of rubber,t3_ivvmvg,1600561483.0,1,False,16
522,any alcoholic beverage you come in contact with turns into water,t3_ivmqf6,1600522799.0,1,False,11
523,you cannot see people or moving objects in reflections,t3_ivserm,1600550381.0,1,False,9
524,you can piss backwards,t3_ivng08,1600526226.0,1,False,4
525,you can give people second aid,t3_ivfrpa,1600495799.0,1,False,6
526,you can change a redditors name to deleted,t3_iv44g5,1600456458.0,1,True,8
527,every time you think something like i wish this would happen reality splits into two timelines one where it does happen one where it doesnt and your conscience remains on the timeline where nothing happened,t3_iviuwu,1600506908.0,1,False,36
528,you can slow down time at the dmv,t3_ivky4o,1600515035.0,1,False,8
529,you can make other peoples buttcracks horizontal instead of vertical,t3_ivjzjy,1600511149.0,1,False,11
530,when you brush comb your hair it doesnt hurt,t3_ivx0xn,1600565915.0,1,False,10
531,have a healing factor that heals any wound faster,t3_ivek7h,1600491877.0,1,False,9
532,you have the ability to skip time when you are sleeping,t3_ivmejw,1600521308.0,1,False,11
533,u p p u u sn u d u no,t3_iur5uv,1600401662.0,1,True,10
534,you can shoot your teeth out of your mouth like a gun,t3_iv71ge,1600467933.0,1,False,12
535,youre immortal only when you are orgasming though,t3_ivo1q8,1600529286.0,1,False,9
536,you can make people you dont like have nightmares about you,t3_ivkiyt,1600513341.0,1,False,12
537,hotdog burp,t3_ivlk8p,1600517622.0,1,False,2
538,you can pee faster by physically widening your urethra with your mind,t3_ivjhyu,1600509270.0,1,False,12
539,you can steal other peoples toes transferring their toes directly onto your own feet,t3_ivhupg,1600503051.0,1,False,15
540,everytime you sneeze the person closest to you does a backflip,t3_iv7gvv,1600469337.0,1,False,11
541,you can absorb and use other peoples superpowers,t3_iv9yko,1600477212.0,1,False,9
542,you can kill a whole species at will and a random atomic bomb will explode,t3_ivsi5e,1600550744.0,1,False,15
543,whenever you get hit in the balls all men around you feel it as well,t3_ivjolg,1600509956.0,1,False,15
544,you can change the name of this subreddit into r shittysuperpowers and no one will remember what it was originally called,t3_ivcdtv,1600484883.0,1,False,21
545,you can go invisible only while no one is looking or can see you,t3_ivirkb,1600506536.0,1,False,14
546,raising your hand as you would to request something,t3_ivjvph,1600510724.0,1,False,9
548,whenever you would fail a coin toss you can instead gain ten pounds to have it succeed instead,t3_ivm2iz,1600519856.0,1,False,18
549,you can make anyone hum never gonna give you up,t3_iv41bz,1600456016.0,1,False,10
550,if youre wearing a button up shirt unbutton the middle button and reach inside a time portal opens and you can touch your past self,t3_iv4qmp,1600459328.0,1,False,26
551,you can speak in tongues,t3_ivhnvk,1600502370.0,1,False,5
552,you can tie your shoes while running,t3_ivbly1,1600482389.0,1,False,7
553,you are gifted constant post nut clarity,t3_ivd1nv,1600486946.0,1,False,7
554,you can perfectly memorize the lyrics of any song you hate,t3_ivn966,1600525291.0,1,False,11
555,you can make anyones game crash before they save it,t3_iv93rs,1600474556.0,1,False,11
556,you can control your crushs mind by crushing yourself in a trash compactor,t3_ivaf2g,1600478610.0,1,False,14
557,your fart sounds like your lastly heard musical instrument,t3_ivjt7l,1600510447.0,1,False,9
558,anytime you sneeze a soft voice whispers bless you into your ear no matter where you are,t3_iv5gn9,1600462213.0,1,True,17
559,when youre nervous you see everyone around you bald,t3_ivkmwk,1600513775.0,1,False,10
560,you can turn traffic lights to red with your mind,t3_ivhrjz,1600502734.0,1,False,10
561,you can tell if a gun is empty or jammed only after it fires,t3_ivir8j,1600506499.0,1,False,14
562,you can prevent yourself from immediately having to have to use the restroom after drinking a cup of coffee,t3_iv5q4s,1600463187.0,1,False,19
563,you can point to any location on a globe only when your eyes are closed,t3_ivjo1a,1600509897.0,1,False,15
564,you can sumion any thing or substance in a general location the catch is it can be any thing or sustance and you have no idea what will appear or how much,t3_ivj119,1600507553.0,1,False,32
565,you can see where other people are looking via red lasers coming out of their eyes,t3_ivc9bs,1600484475.0,1,False,16
566,you can see what your dog is barking at even from a few miles away,t3_iv6w7k,1600467427.0,1,False,15
567,eating an m amp m changes the colour of your piss into the colour of m amp m,t3_iv7j9j,1600469560.0,1,True,18
568,you can make people drop things except it only works on alternating tuesdays,t3_ivcpze,1600485953.0,1,False,13
569,youre amazing at video games that you hate,t3_iv6mfm,1600466519.0,1,False,9
570,you can speed up or slow down time,t3_iv912v,1600474313.0,1,False,8
571,you can synchronize with someone and manipulate him her if you have to be naked and say im gay first,t3_ivj9mw,1600508439.0,1,False,21
572,you have night vision,t3_ivc3lc,1600483932.0,1,False,4
573,you can make people get the urge to watch never gonna give you up volunteerily and in this way you can rick roll people in real life,t3_iv42il,1600456174.0,1,False,27
574,whenever you flip someone off its censored in real life,t3_ivcpk7,1600485912.0,1,False,11
575,you excrete a random object from any orifice of your body every day,t3_ivipnv,1600506327.0,1,False,13
576,you can see through things once a day during seconds and after use your power you cant see nothing for hours,t3_iv4111,1600455975.0,1,False,22
577,your gaming skills are highly enhanced when playing mobile games,t3_ivahcp,1600478815.0,1,False,10
578,you know exactly when a video game is going to be released launched and get it months early when pre ordered,t3_ivel2n,1600491956.0,1,False,21
579,you can make your knuckles bleed whenever you punch a hard object,t3_ivc3c0,1600483909.0,1,False,12
580,you speak spanish when youre happy,t3_iv3d3r,1600452583.0,1,False,7
581,you can instantly cover you hands in raw chicken juice to wipe on your enemies,t3_iv706p,1600467803.0,1,False,15
582,you have the ability to bend kitchenware when you sneeze,t3_iva6cw,1600477845.0,1,False,10
583,projectiles and melee attacks will pause briefly right before they hit you before continuing at their original velocity,t3_iv4adp,1600457277.0,1,False,18
584,you can barf lava if you think about a freaky looking scarecrow minutes beforehand,t3_iv3ugr,1600455090.0,1,False,14
585,you can make your genitals sparkle by flashing people,t3_ivgdv7,1600497851.0,1,False,9
586,every time you shit in a toilet the creator of the toilet can smell it,t3_iv5x54,1600463931.0,1,False,15
587,your nerves can transmit signals to nearby people instead of yourself,t3_iv11ls,1600439947.0,1,False,11
588,your password is always expectable not matter the length or lack of symbols,t3_iv4u8k,1600459755.0,1,False,13
589,when you kill yourself you become invisible,t3_iv25vm,1600446022.0,1,False,7
590,you can make anyone who is sorting by new upvote your post,t3_iv435l,1600456269.0,1,False,12
591,your teeth can bite clean through anything with ease,t3_iv05zr,1600435649.0,1,False,9
592,you can take any item from a video game,t3_iud03u,1600348492.0,1,False,9
593,you can hear animals insult you,t3_iv358j,1600451381.0,1,False,6
594,your hands have turned to sponge and you can suck whole lakes at a time when you drain the sponge your hand break and you either have to suffer a hand break every few months or just have insanely wet hands all day,t3_iv8mwl,1600473107.0,1,False,43
595,you have the ability to speak any language on earth given you hate the people who speak it,t3_iv57wo,1600461278.0,1,False,18
596,you have the power to turn any piece of paper in your field of vision into a shitty paper airplane that always nosedives,t3_iv2f4y,1600447387.0,1,False,23
597,your blood can shift through the solid liquid and gaseous states,t3_iv4a55,1600457243.0,1,False,11
598,you know who made a number in a bathroom by the smell,t3_iv5j86,1600462476.0,1,False,12
599,you can turn your teeth into chewing gum,t3_iv63e2,1600464587.0,1,False,8
600,u are very good at shooting with a gun this only works when you point the gun at yourself,t3_iv07h0,1600435860.0,1,False,19
601,you have the power to instantly change porn to a youtube video whenever somebody walks in on you jerking off unfortunately there is an error which gives the chance of switching to hardcore midget porn,t3_iuxwam,1600425701.0,1,False,35
602,you can convince anyone anything as long as you can get them to say poggers the effect wears off after every use it doesnt count if they say poggers without you telling them to tricking them into saying it only works on one person at a time,t3_iv2jqx,1600448074.0,1,False,48
603,you can print fake money with your fingers,t3_iv1lnt,1600442853.0,1,False,8
604,you have the ability to read minds for brief periods of time this superpower is activated like a spore and appears in the form of cystic facial and body acne,t3_iv26eo,1600446096.0,1,False,30
605,you can move twice as fast with half the energy,t3_iv1ogz,1600443283.0,1,False,10
606,you can let animals eat you and shit you out after youre out you can become whole and repeat the process,t3_iv0iin,1600437377.0,1,False,22
607,you can see a counter that says the number of words you have said in your life till now,t3_iv0w5i,1600439203.0,1,False,19
608,you can make girls in your area have crush on you best friend,t3_iuzq8w,1600433578.0,1,False,13
609,when you pee you pee all of it you never have that post piss dripping anymore,t3_iupnzi,1600397091.0,1,False,16
610,you can see second of future,t3_iv0ef3,1600436819.0,1,False,6
611,you can peel off online advertisements from the screen,t3_iuzdsz,1600431980.0,1,False,9
612,you can turn invisible if you cover yourself in vinegar,t3_iuvbqt,1600415677.0,1,False,10
613,you stop time every second your eyes are closed,t3_iuw751,1600419085.0,1,False,9
614,you can redirect all piss streams at will,t3_iuxt5x,1600425343.0,1,False,8
615,you can play any national anthem at any time,t3_iut7ur,1600408134.0,1,False,9
616,whenever you close your eyes you cant hear,t3_iuo28z,1600392275.0,1,False,8
618,when in serious danger you can land a bottle flip perfectly every time,t3_iuuyr6,1600414360.0,1,False,13
619,all of your vital organs are bulletproof and they all weigh an extra lbs each,t3_iuodmf,1600393200.0,1,False,15
620,if you tell i am the hulk in a area with more than people in a square kilometer area you gain gain the power of the hulk for seconds,t3_iuvjcg,1600416494.0,1,False,29
621,you can piss out of your fingers if you pose it as a fingergun,t3_iuvdei,1600415855.0,1,False,14
622,sdrawkcab daer nac uoy,t3_iuv4qf,1600414979.0,1,False,4
623,you can cause mass brain hemorrhages in a foot radius around yourself,t3_iuv3ym,1600414901.0,1,False,12
624,you can listen to exactly what your dog is thinking though he she thinks in barks,t3_iukx3d,1600382904.0,1,False,16
625,you can make yams intelligent,t3_iutpiz,1600409826.0,1,False,5
626,whenever you show anyone a picture the disembodied voice of nickleback will sing look at this photograph,t3_iur52f,1600401599.0,1,False,17
627,you can turn water into non alcoholic wine,t3_iusrgp,1600406651.0,1,False,8
628,you can aim your fingernail clippings with accuracy,t3_iuts1x,1600410074.0,1,False,8
630,your pee is made of cum and your cum is made of pee,t3_iumvxy,1600388850.0,1,False,13
631,your waifu becomes real once you get a girlfriend,t3_iutf4v,1600408816.0,1,False,9
632,everytime you pop something itll sound like bubble wrap,t3_iuuelf,1600412299.0,1,False,10
633,every time you say im not that dramatic a glitter bomb explodes above you,t3_itvj6s,1600291860.0,1,False,15
634,you know exactly how the world works,t3_iuxgsz,1600423968.0,1,False,7
635,you have eyes at the back of your head only the back of your head,t3_iumc55,1600387232.0,1,False,15
636,you can shoot skim milk out of your right nipple at psi on command,t3_iuoaar,1600392926.0,1,False,14
637,grass moves out of the way when you walk,t3_iuqj7t,1600399721.0,1,False,9
638,your items drop when you die,t3_iuj6qd,1600377198.0,1,False,6
639,you can turn invisible yet you cant become visible again,t3_iut03j,1600407419.0,1,False,11
640,you can slap people through the internet,t3_iuns18,1600391444.0,1,False,7
641,blood tastes like water,t3_iuqqza,1600400398.0,1,False,4
642,you can remember the value of pi upto digits randomly and not in order,t3_iufn6e,1600361255.0,1,False,14
643,your driving skills are significantly increased when u drive a car with its engine turned off,t3_iumide,1600387728.0,1,False,16
644,when you close your eyes you can still see tho everything is blurry and in black and white,t3_iulj9u,1600384800.0,1,False,18
645,you can drink your sweat thats it,t3_iuqbr3,1600399078.0,1,False,8
646,when you see the number the smash brothers announcer voice will say nice,t3_iuhjrg,1600370676.0,1,False,13
647,you can clean anything you touch,t3_iunu5l,1600391611.0,1,False,6
648,you can command my pet crab by sending a string of emojis under this post,t3_iuofu5,1600393367.0,1,False,15
649,whenever you get stressed bubbles start coming out of your ears,t3_iuj5r2,1600377103.0,1,False,11
650,you can transform any normal food into its canned varient and vice versa,t3_iumoc3,1600388213.0,1,False,13
651,you have the power to dry the swampiest of asses butt never have a dry ass of your own,t3_iulrpv,1600385523.0,1,False,19
652,if you run out of toilet paper when youre home alone you can teleport a roll in to the room next door to the toilet,t3_iug4dn,1600363739.0,1,False,26
653,making airplane noises lets you hover off the ground cm,t3_iubxpu,1600344056.0,1,False,10
654,you can play anything like a piano,t3_iuluuq,1600385781.0,1,False,7
655,whenever you focus on a conversation you get amnesia amnesia goes away when not focused on a conversation,t3_ium8hf,1600386935.0,1,False,18
656,you can have rabid animals bite karens on command,t3_iugzke,1600368043.0,1,False,9
657,you now can partially command rodents,t3_iudy5j,1600352897.0,1,False,6
658,every time you laugh you immediately step in shit,t3_iulp3f,1600385297.0,1,False,9
659,whenever you watch porn your screen and selfie camera gets shared to all the women that you love cell phone or computer,t3_iuouxl,1600394656.0,1,False,22
660,the smell of farts makes you horny,t3_iumul9,1600388735.0,1,False,7
661,you can change the color of your undershirt at will,t3_iumh1d,1600387611.0,1,False,10
662,bass boosted windows xp sound plays every time you say something stupid,t3_iufmkk,1600361162.0,1,False,12
663,you can tell the flavour of crisps just by looking at them,t3_iuhcua,1600369787.0,1,False,12
664,your cum becomes blue when youre cheating on your partner,t3_iug3mm,1600363630.0,1,False,11
665,you can make a random paper sticky by licking a rabbit,t3_iuga6b,1600364531.0,1,False,11
666,while watching porn everytime youre about to jizz the guys face pops right up,t3_iufkr4,1600360893.0,1,False,15
667,when you enter a room you can use a powerpoint animation that transports you through the door,t3_iu8wsv,1600332815.0,1,False,17
668,you can turn into the lord of the flies and have flies worship you,t3_iukjau,1600381678.0,1,False,14
669,your boner can point to the the nearest serial killer or muscle lady,t3_iudwh7,1600352652.0,1,False,13
670,by opening a door you can open a portal to a random location in kalmanstunga iceland,t3_iucoxi,1600347154.0,1,False,16
671,you can like pictures on instagram with thought everytime you want,t3_iulvj8,1600385840.0,1,False,11
672,porn music starts whenever take off any piece of clothing,t3_iuelbr,1600355991.0,1,False,10
673,every time you finish something there is someone behind,t3_iui2o1,1600372962.0,1,False,9
674,you will automatically say i have boner whenever someone passes,t3_iuhwce,1600372225.0,1,False,10
675,you can turn into pigeon poop that always misses that car or person by one inch mm,t3_iukklk,1600381791.0,1,False,17
676,if you think about dying you die and make a perfect clone of yourself next to your dead body and live on in the new body,t3_iugd3t,1600364955.0,1,False,26
677,you ability is anti anatidaephobia,t3_iuajrp,1600338785.0,1,False,5
678,you can boost all your stats x the normal,t3_iug68f,1600363990.0,1,False,9
679,for every time you cough on your hand anything you touch becomes bright neon pink,t3_iubqeu,1600343265.0,1,False,15
680,you have the reflexes of a flie only when you are reading a book,t3_iuk28h,1600380153.0,1,False,14
681,when you point at a direction the closest and smallest object in that direction will move aside,t3_iufhj3,1600360414.0,1,False,17
682,you can rename this sub to shittysuperpowers without anyone remembering its former name,t3_iu4eqs,1600318239.0,1,False,14
683,people fart when theyre around you and you can control the intensity and volume of said farts ex lvl little poot lvl fart their soul out,t3_itjn1g,1600239331.0,1,False,27
684,you now trigger claustrophobia in people closer than feet from you,t3_iudvoa,1600352544.0,1,False,11
685,you can make an eyelash get stuck in you eye whenever you want,t3_iudtls,1600352251.0,1,False,13
686,you can grow shrek ears that immediately fall off and decompose,t3_iucrx3,1600347513.0,1,False,11
687,you now can throw your voice,t3_iudqsg,1600351860.0,1,False,6
688,when you say lunchables two big grown men will pick you up and take you home,t3_iu55yl,1600320386.0,1,False,16
689,you can give everyone synesthesia and mix up everyones motor functions of everyone in a kilometre radius including yourself,t3_iug7fr,1600364157.0,1,False,20
690,shitty rules read before posting,t3_es5n7i,1579690068.0,1,True,5
269,you litterally shit bricks,t3_ix52d5,1600738447.0,0,False,4
270,any meat you ate gives you their original feature to your skin,t3_iwxfgn,1600710888.0,0,False,12
271,you get the abilities of the character you cosplay as,t3_iwkwuv,1600660506.0,0,False,10
272,when you say come hither foul beast in an over exaggerated tone the vehicle of your desires will ascend from the ground with hell flames accompanying it,t3_iwnhlh,1600668771.0,0,False,27
273,if you think of a cool idea for a game it instantly shows up on your computer,t3_iwof4a,1600671812.0,0,False,17
274,you can now change the tv show youre watching just by thinking yes youve heard right no remotes this time,t3_iwra5i,1600682200.0,0,False,22
275,when your legs reach a certain height you can also jump that high if you choose too and you dont take fall damage when coming down example if you go on a plane once you can now jump ft up,t3_iwwesm,1600705338.0,0,False,41
276,every time you yell outta nowhere someone nearby you gets rkod through a table if no table is present a table appears if no one is present but you one random person in the world gets rkod,t3_iwloeq,1600662900.0,0,False,39
277,every time you have to fart in public the most attractive person of the opposite sex within feet of you also farts only its twice as loud or twice as smelly as yours,t3_iwngr9,1600668701.0,0,False,34
278,you can silence anyone thing for an indefinite amount of time,t3_iwtprj,1600692140.0,0,False,11
279,you never wake up tired the moment you wake up youre completely wide awake,t3_ivshgv,1600550670.0,0,False,15
280,you can turn any bag irrespective of size into a pocket dimension with infinite space inside it just by touching it,t3_iweypx,1600641433.0,0,False,21
281,whenever someone has the intentions of attacking you physically verbally right before it happens they shit themselves,t3_iwaefk,1600620825.0,0,False,17
282,if you cant afford anime you can summon a legion of weebs to give you unlimited anime shows,t3_iwofnj,1600671858.0,0,False,19
283,self cleaning sweat,t3_iwm7ah,1600664583.0,0,False,3
284,so like you could keep your piss in an internal basket and or cup and fling it as you see fit to save time on fightin crime,t3_iwt7m9,1600690007.0,0,False,27
285,if you like a show and it gets cancelled is too short you can extend the show and itll be just as good as you want,t3_iwog92,1600671911.0,0,False,27
286,at your command your sperm cells will rapidly undergo the stages of evolution,t3_iwc7bg,1600630080.0,0,False,13
287,every person or character from video games books films anime or real life you jerk off to returns to life or becomes alive,t3_iwkrt7,1600660082.0,0,False,23
288,every time you order a burger it comes out actually looking like the burger in the photo on the menu,t3_iwp64u,1600674328.0,0,False,20
289,you can stay up permanently not being tired,t3_iw9dwd,1600615834.0,0,False,8
290,just fit,t3_iwhdbl,1600649325.0,0,False,2
291,you can summon two men to gangbang any one,t3_iwef38,1600639493.0,0,False,9
292,when you stub your toe your pain goes away when you blow on it,t3_iwfuft,1600644432.0,0,False,14
293,every knot you want tied is tied to perfection,t3_iwlfaq,1600662078.0,0,False,9
294,everytime you use a piece of technology the spec of said tech will be the best in the world,t3_iw8xdv,1600613294.0,0,False,19
295,you have an answer to lol lmao,t3_iwg831,1600645672.0,0,False,7
296,sand and dust dont stick to your feet,t3_iwfrxy,1600644210.0,0,False,9
297,you can enter through a portal into any show that your watching,t3_iwbtoo,1600628096.0,0,False,12
298,you can taste a recipe immediately after reading it or watching a cooking show,t3_iwga0c,1600645845.0,0,False,14
299,always knowing where a lost item is located,t3_iwfy7z,1600644787.0,0,False,8
300,you can delete everything that makes you lose hope in humanity,t3_iwefm3,1600639546.0,0,False,11
301,on your cake day you can make very one feel special with a simple touch,t3_iwad2b,1600620646.0,0,False,15
302,you can grab a bottle of syrup without getting your hands sticky,t3_iwd9gb,1600634968.0,0,False,12
303,when you are popping a bag of popcorn every kernel of corn pops everytime,t3_iwh1sy,1600648321.0,0,False,14
304,you get to know which reddit post will reach hot and you will always know what to comment,t3_iwh1e3,1600648286.0,0,False,18
305,you can stub your toe without crying,t3_iwhwvd,1600651068.0,0,False,7
306,while you sleep you can exit your body and move around sort of like a ghost,t3_iw8v8c,1600612959.0,0,False,16
307,you can read and understand the math on toilet paper packaging,t3_iwe0w0,1600637967.0,0,False,11
308,the ability to say no to the homeless near mcdonalds asking for a cup of piss,t3_iweal9,1600639032.0,0,False,16
310,you can now touch the thermostat at your grandparents house and theyll never notice,t3_iwadjm,1600620708.0,0,False,15
311,you have spawn damage,t3_iwdci2,1600635320.0,0,False,4
312,in specific conditions you can change your pov to st nd and rd person perspective,t3_iwi046,1600651365.0,0,False,15
313,you can erase the cause or the effect of any action you desire,t3_iw94rc,1600614430.0,0,False,13
314,self mind control,t3_iwc3k8,1600629543.0,0,False,3
315,you can steal the best trait of anyone you make eye contact with if you choose,t3_iw5oq9,1600597673.0,0,False,16
316,you can play any instrument in existence even things that werent meant to be instruments,t3_iw3mby,1600589303.0,0,False,16
317,any food you get looks exactly like the promo image also any if there looks like theres any extra of an ingredient it will add it to the food,t3_iw7bcw,1600604897.0,0,False,30
318,you can copy and paste words on anything,t3_iw9hm0,1600616369.0,0,False,8
319,you can create zippers on any surface that you touch and you can remotely open and close it at leisure,t3_iwb0cd,1600623916.0,0,False,20
320,whenever you make a yo mama so fat joke the other persons mom actually becomes as fat as you described,t3_iw8mzz,1600611677.0,0,True,21
321,you always have a pen on you,t3_iw7jvb,1600606040.0,0,False,7
322,for the aesthetics,t3_iw8bua,1600609949.0,0,False,3
323,you and your clothes are always completely clean no matter how much manure you jumped into,t3_iw4umg,1600594263.0,0,False,16
324,you can punch people through screens,t3_iw1ub0,1600582308.0,0,False,6
325,you can be happy,t3_iw82bt,1600608551.0,0,False,4
326,ctrl z,t3_iw0px3,1600578058.0,0,True,2
327,you can turn your body into the material of the last object you touched,t3_iw5lmo,1600597329.0,0,False,14
328,you never have a hanging nail,t3_iw56jb,1600595611.0,0,False,6
329,every time you reach into your pocket or a bag whatever you need is there,t3_ivzfot,1600573652.0,0,False,15
330,whenever you cook something cooking mama emotionally supports you,t3_iw417o,1600590930.0,0,False,9
331,when you thumb flip through the pages of any book you instantly gain all of its knowledge,t3_ivz6no,1600572828.0,0,False,17
332,you can bring toys to life,t3_iw6nxl,1600601928.0,0,False,6
333,time stops whenever you are late to your destination and resumes when you arrive,t3_ivn0o2,1600524133.0,0,False,14
334,every comment you make makes it on to r cursedcomments and earns you lots of karma,t3_iw2cx4,1600584291.0,0,False,16
335,all water you drink always tastes like it does in the middle of the night,t3_iw5i1g,1600596923.0,0,False,15
336,the ability to stop anything time cancer cells from spreading aging someones heart to kill them or even your hair from getting longer,t3_ivz1rz,1600572380.0,0,False,24
337,having speech irl passing every speech check in life,t3_iw2ge2,1600584666.0,0,False,9
338,you can refill anything from anywhere trumps bladder your bank account etc,t3_iw2357,1600583254.0,0,False,13
339,by saying random thing idea or person exists random thing idea or person pops into existence,t3_iw6wfb,1600602974.0,0,True,16
340,you have baldurs blessing from god of war,t3_iw52zt,1600595200.0,0,False,9
341,whenever you say something like when i snap my fingers it will start ect you get it right every time,t3_iv3d6s,1600452595.0,0,False,20
342,any time a scooter is about to hit you in the shin a shield appears to protect you from that dreadful experience,t3_iw1e6j,1600580591.0,0,False,22
343,when in immediate danger you will teleport randomly to somewhere within ft that is safe,t3_iw1l2b,1600581304.0,0,False,15
344,you make someone hear a song they personally hate you dont need too know the song its just loud enough were people would have too slightly raise their voice for your target too hear them and they are the only ones that can here it,t3_iw2c3a,1600584200.0,0,False,47
345,youre able to define the terms and conditions of your wish in such a precise manner that the genie granting your wish is unable to find any loopholes and is forced to give you what you want,t3_ivoigi,1600531706.0,0,False,38
346,if your bone breaks everyones same bone breaks,t3_ivsoq7,1600551464.0,0,False,9
347,you can force people to come to brazil,t3_ivtv5u,1600555717.0,0,False,8
348,if you say fuck thing all my homies hate thing that thing instantly dissapears dies or whatever negative effect you want to happen to it,t3_ivowwf,1600533843.0,0,False,25
349,you never lose forget your stuff,t3_ivonu6,1600532470.0,0,False,6
350,you can disable your boner once a day,t3_ivrq3p,1600547542.0,0,False,8
351,you get a wish that will become true whenever a post about trump is posted,t3_ivxyi5,1600568906.0,0,False,15
352,when u sleep time stops,t3_ivvjff,1600561167.0,0,False,5
353,you can become strong as hell but how strong you get is determined by how pissed off you are and you also become weaker when youre happier as a side effect,t3_ivrfco,1600546268.0,0,False,32
354,no one will ever knock on the toilet door whilst youre using it,t3_ivp2p0,1600534725.0,0,False,14
355,whenever you claim youre good at something you instantly become good at it,t3_ivoqoy,1600532889.0,0,False,14
356,you can fart directly into anyones nose,t3_iw1stv,1600582154.0,0,False,7
357,you can win any argument by just saying your mom gay,t3_ivjppm,1600510075.0,0,False,11
358,you always know the correct time wherever you are,t3_ivomh2,1600532262.0,0,False,9
359,if you go into a sewer manhole you can teleport to another manhole grate any sewer entrance with unlimited range,t3_ivhtr8,1600502961.0,0,False,20
360,you can effortlessly come up with an interesting title when making a reddit post,t3_ivnq79,1600527629.0,0,False,14
361,you can see your friendship relationship potential of everyone you meet with pros and cons likelihood for positive negative range and the difficulty level of maxing out,t3_ivstu7,1600552003.0,0,False,27
362,you never feel to hot or to cold,t3_ivoj3b,1600531784.0,0,False,8
363,your piss always comes out in a perfect stream no split stream no spraying everywhere for a few seconds before you can control it perfect piss every time,t3_iva274,1600477494.0,0,False,28
364,you know the answer on every riddle someone asks you,t3_ivoiii,1600531713.0,0,False,10
365,you can freeze food in time allowing you to eat it at any time as if were still freshly made,t3_ivm8t3,1600520622.0,0,False,20
366,karens will never bother you,t3_ivoks3,1600532025.0,0,False,5
367,you can control other people their emotions,t3_ivojtx,1600531889.0,0,False,7
368,if you fall out of the bed you basically respawn at the top of your bed and fall back down all without waking up,t3_ivkflc,1600512943.0,0,False,24
369,you can spit at very high speed,t3_ivop3s,1600532646.0,0,False,7
370,you can instantly deflate the tyres of a bad uber driver,t3_ivre7j,1600546129.0,0,False,11
371,you can take away other people their fears,t3_ivojcy,1600531823.0,0,False,8
372,youre perfectly genre savvy no matter what situation you find yourself in youve seen enough films and read enough books to guess whats about to happen and you know exactly how to best handle it,t3_ivgul2,1600499513.0,0,False,38
373,every time the power goes out shrek saying what are you doing in my swamp is heard,t3_ivkva9,1600514710.0,0,False,17
374,you never have to wipe after pooping,t3_ivgc37,1600497686.0,0,False,7
375,whenever you sing any song people in your m radius will start dancing to that song in formation like pro dancers,t3_ivjnlz,1600509854.0,0,False,21
376,any countdowns you start are perfectly synced,t3_ivluxg,1600518935.0,0,False,7
377,you can time travel billion years into the future,t3_ivpccw,1600536083.0,0,False,9
378,you have your own boss music when it plays you become an unstoppable force of nature,t3_ivbsdt,1600482959.0,0,False,16
379,im invincible,t3_ivgyey,1600499891.0,0,False,3
380,your hair is automatically dried and perfectly styled whatever way you want the moment you step out of the shower,t3_iuk5e7,1600380425.0,0,False,20
381,dont look at the title,t3_ivgrjz,1600499210.0,0,False,6
382,you know when a link is a rick roll,t3_ivh8xd,1600500945.0,0,False,9
383,youre immune to chronic pain,t3_ivh6ip,1600500712.0,0,False,6
384,you have literal hand eye co ordination,t3_ivetyn,1600492753.0,0,False,7
385,you can set the outcome of sports by stating out loud what will happen,t3_ivieyk,1600505191.0,0,False,14
386,glow in the dark items are always fully charged and dont fade at all while in a twenty foot radius of you if an item leaves the radius it will still be fully charged but will fade at a natural rate unless it comes back into the radius,t3_ivb9vp,1600481335.0,0,False,49
387,you can hold in a piss shit for however long you want,t3_ivcqg6,1600485997.0,0,True,12
388,whenever you pretend to hold something it materializes in your hands,t3_iv8hwi,1600472651.0,0,False,11
389,your cereal no longer gets soggy no matter how long or what liquid it is in,t3_iv3n0g,1600454044.0,0,False,16
390,you can yell highlight reel whenever you do something cool and it goes on a highlight reel of your life,t3_iv7a9i,1600468731.0,0,False,20
391,whenever you shit your ass is cleaned instantly afterwards,t3_iv4zc6,1600460340.0,0,False,9
392,you can revive every time you kill yourself,t3_iv6w7e,1600467427.0,0,False,8
393,you never ever have to wait for anything anymore,t3_iv9hij,1600475727.0,0,False,9
394,everyone someone says fuck you to you you get a more chance of getting laid,t3_iv5b95,1600461632.0,0,False,15
395,you can turn into a crow at will,t3_iv5vde,1600463739.0,0,False,8
396,leaning forward and pressing buttons harder actually help you in video games,t3_ivctfx,1600486247.0,0,False,12
397,there is a time stamp to relevant bit of information in any video,t3_iv75ts,1600468334.0,0,False,13
398,you have the same emotional level as in your dreams,t3_iv5wwl,1600463905.0,0,False,10
399,you waifu is real and they actually love you back,t3_iux6ln,1600422897.0,0,False,10
400,cardi b music is tolerable,t3_ivgufx,1600499499.0,0,False,5
401,you now have the ability to start singing in public and everyone nearby will begin to flash mob with you music will begin to play and you instantly know all the words when you decide youre done it will end and everything will go back to normal what song,t3_iv6c0d,1600465471.0,0,False,50
402,you can exchange any objects value into cash by touching it,t3_iv0bk6,1600436428.0,0,False,11
403,whenever you are skipping songs to find a song you never pass it,t3_iv6exi,1600465774.0,0,False,13
404,you have your own boss music,t3_iu7wx1,1600329284.0,0,False,6
405,babies stop crying as soon as i hold them,t3_iv21si,1600445387.0,0,False,9
406,if someone has moldy cheese by their name you instantly know if they are karma whoritos,t3_iuzkh1,1600432823.0,0,False,16
407,you will never get pulled over by police,t3_iv0l02,1600437717.0,0,False,8
408,you can avoid attending unwanted phone calls and still know what the call was for,t3_iv1ukj,1600444240.0,0,False,15
409,youre able to go into any type of story whether it be a show movie book etc and control it however you want you can also see the future to see how your actions affect it,t3_iux06o,1600422201.0,0,False,37
410,you can tear paper perfectly as if you cut it with scissors,t3_iuwpod,1600421123.0,0,False,12
411,whenever you get accused of murder no matter how red handed youre caught you can send the accuser to jail instead of you by saying kinda sus,t3_iurv8u,1600403852.0,0,False,28
412,doing good things for others causes insanely good things to happen to you,t3_iuw2ta,1600418603.0,0,False,13
413,you can make any food you want appear instantly infront of you,t3_iuxwtg,1600425756.0,0,False,12
414,you can check all the info inside your brain just like looking for files in a office t,t3_iutcs2,1600408589.0,0,False,18
415,you have the ability to instantly know the location of any bugs or insects in a meter radius and have accuracy when throwing something at them,t3_iurakz,1600402053.0,0,False,26
416,whenever you eat you have can have mouth acid to dissolve your food instead of chewing and it doesnt burn you all the while maintaining the original taste,t3_iv1qhg,1600443593.0,0,False,29
417,you can summon any retired aircraft that you want without it having the defects that it was probbably retired for and you will instantly know how much control it once you enter the cockpit,t3_iuzfrj,1600432233.0,0,False,34
418,your tongue can shrink and grow in size to get stuff out of your teeth,t3_iuikcd,1600374939.0,0,False,15
419,you can clean your butt in one wipe guaranteed,t3_iule8h,1600384375.0,0,False,9
420,every time you ejaculate one girl wants to bang you,t3_iuws32,1600421403.0,0,False,10
421,like a necromancer with bones you can animate and command the discarded shells of cicadas,t3_iuv91p,1600415446.0,0,False,15
422,you actually get whatever you choose when you do those tiktok scams where you share follow like etc,t3_iuy3kg,1600426510.0,0,False,18
423,you dont have any hair but whatever hair color style you want appears to others visually indistinguishable from real,t3_iutyqz,1600410737.0,0,False,20
424,whenever you want with just a thought you can make your body as clean as if you just took the nicest shower if you happen to be wearing clothes then those are perfectly clean as well,t3_iuxuf7,1600425478.0,0,False,36
425,you never have to sneeze or blow your nose,t3_iuwouc,1600421031.0,0,False,9
426,when watching an episode of an anime you can summon a random character from that anime that will do whatever you say for the remaining duration of the episode this can be done three times per day,t3_iun10i,1600389277.0,0,False,37
427,you can force any opponent you face to experience high ping,t3_iuol1z,1600393802.0,0,False,11
428,spotify automatically cuts out the skit part of songs unless youre listening to it as part of an album,t3_iupcfm,1600396115.0,0,False,20
429,your teeth heal amp you can grow new teeth,t3_iun9sl,1600389983.0,0,True,9
430,master diy,t3_iuy61u,1600426803.0,0,False,2
431,you can fill any part of your opponents body with spaghetti,t3_iuiloj,1600375079.0,0,False,12
432,you know exactly how much sauce you can take dip your food in,t3_iuqz2s,1600401078.0,0,False,13
433,if you aggressively point at any vehicle and yell to the mobile a picture of whatever prefix you use will appear on the vehicle and the old nanananananana batman theme will play until you board the vehicle and drive it to your destination,t3_iupdmx,1600396221.0,0,True,43
434,you can take off your top just like in the movies and anime when someone is about to fight without ripping it off,t3_iuutph,1600413814.0,0,False,23
435,you know every language in the world,t3_iukp5o,1600382196.0,0,False,7
436,you can only die via suicide,t3_ium4tv,1600386625.0,0,False,6
437,when you tell someone to calm down they do,t3_ium7ey,1600386848.0,0,False,9
438,you can erase whatever you write in pen by swiping your hand over it,t3_iujpv8,1600379017.0,0,False,14
439,see threw walls,t3_iurwot,1600403975.0,0,False,3
440,you can enter any video you see online and change details or effect the outcome of the video within that videos time limit,t3_iutccn,1600408548.0,0,False,23
441,whenever you see someone carrying a pizza they always offer you a slice,t3_iu3vbd,1600316684.0,0,False,13
442,you can flawlessly recreate the random fart sound from sliding your chair first time every time,t3_iun1wm,1600389350.0,0,False,16
443,you can now spawn any item from a video game but as soon as you touch it it turns into a dildo,t3_iv0z41,1600439607.0,0,False,22
444,you gain the skills and abilities of a person as long as they have the same name as you,t3_iulpwu,1600385368.0,0,False,19
445,you have a customizable minimap that highlights things youre looking for similar to quest objectives,t3_itoit2,1600258149.0,0,False,16
446,whenever someone lies to you they turn red for the next minute,t3_iuk521,1600380396.0,0,False,12
447,you can now take any item from a video game,t3_iugnkv,1600366398.0,0,False,10
448,you can turn invisible by shaking your hand in front of your face like john cena,t3_iusycw,1600407267.0,0,False,16
449,you can shoot bullets out of your finger everytime you moan,t3_iufunt,1600362394.0,0,False,11
450,if your back is itchy you are always able to scratch the right spot without struggle,t3_iumhnc,1600387665.0,0,False,16
451,you can put yourself in a state of post nut clarity on command and instantly without the need to jerk it,t3_iuv8ew,1600415376.0,0,False,21
452,you always have the perfect pick up line ready,t3_iuemu2,1600356173.0,0,False,9
453,you can produce cum using every hole or opening of your body upon orgasm,t3_iuuh58,1600412548.0,0,False,14
454,you can slap someone at super sonic speed,t3_iumjuw,1600387847.0,0,False,8
455,if someone tells you you cant do something you can do that thing,t3_iug9ts,1600364481.0,0,False,14
456,you can zone out and do what you are doing perfectly,t3_iufayw,1600359457.0,0,False,11
457,you can nullify any effect leaving any cause to effectively loop until you break the loop yourself,t3_iueiic,1600355619.0,0,False,17
458,youre girlfriend dosent cheat on you with youre best friend while youre at work,t3_iu7wsx,1600329273.0,0,False,17
459,you can listen to any song like you listened to it the first time you ever heard it,t3_iudki3,1600351033.0,0,False,18
460,you can put yourself anywhere in a line and people wont notice,t3_iu194a,1600309271.0,0,False,13
461,every day you get to pick an anime girl to spend a day with,t3_iugch7,1600364864.0,0,False,14
462,you can time travel,t3_iucaam,1600345448.0,0,False,4
463,you can keep on watching what happens after any gif would normally end,t3_iudp2w,1600351633.0,0,False,13
464,lie eater,t3_iubpyx,1600343219.0,0,False,2
465,you have the ability to summon shrek for twenty four hours,t3_iuc48j,1600344775.0,0,False,11
466,you can put the perfect amount of butter on popcorn,t3_iuaab3,1600337847.0,0,False,10
467,you have an infinitely scalable ability to exceed everyones expectations,t3_iu7c2y,1600327319.0,0,False,11
468,you are able to out pizza the hut,t3_iu1vgn,1600311067.0,0,False,8
469,you can give anyone explosive diarrhea,t3_iu6fh5,1600324337.0,0,False,6
470,while your fingers are crossed everything that happens in your imagination happens in the real world,t3_iu5179,1600320006.0,0,False,16
471,you can always know what the other person wants you to answer when they ask you something you can also choose to not know,t3_iucisq,1600346431.0,0,False,24
472,the ability to transform a random person into mermaid merman and teleport them into the sea for every second you are in contact with water,t3_iuaz9k,1600340378.0,0,False,25
473,you can summon the parts of an ak and combine them whenever you want,t3_itvd4o,1600291312.0,0,False,14
474,you can turn karens into normal people using facts and logics,t3_iu19vh,1600309333.0,0,False,12
475,whenever youre feeling down about why you cant get a date you can summon the love interests of your alternate earth versions to find out what they found attractive about your other selves,t3_iua2lz,1600337078.0,0,False,35
476,you can load any website or other internet based application past present and future,t3_iu3wss,1600316810.0,0,False,14
477,you can pronounce worcestershire sauce perfectly not being a native english speaker,t3_iuh6zi,1600369040.0,0,False,12
478,everytime you wanted to eat something that youve already ate you can vomit out the food that youve already ate clean,t3_iuc32h,1600344642.0,0,False,23
479,when you get horny everyone within meters of you starts to think in porn logic,t3_itzk8p,1600304289.0,0,False,15
480,you can place checkpoints and go back in time to when you placed them just in case you mess up,t3_itw0t4,1600293442.0,0,False,20
481,every hours you are cured of any ailment you have however anything that you are cured of is passed onto anything you are touching at the time you are cured,t3_iu3mw2,1600316007.0,0,False,30
482,conduit,t3_iu71n5,1600326375.0,0,False,1
483,you are able to manually remove or forget chunks of your memory forever,t3_iu0rrg,1600307871.0,0,False,13
484,any action works when you shout it,t3_itzse8,1600304965.0,0,False,7
485,you can banish the horny out of someone,t3_iu01vp,1600305774.0,0,False,8
486,you get a second trailer of big upcoming decisions you are going to have to make,t3_itwm69,1600295404.0,0,False,16
487,you can silence people who use homophobic and transphobic slurs,t3_iu4hgq,1600318465.0,0,False,10
488,you have the power to make someone think rationally by slapping him in the face,t3_itsefs,1600278093.0,0,False,15
489,you are able to tag one person which lets you know there exact stats e g who they hate the most there exact location and more,t3_it5fl9,1600190860.0,0,False,26
490,you can pee with laminar flow,t3_iuaa9o,1600337843.0,0,False,6
491,things you hold in your hands never get empty,t3_itxl3p,1600298449.0,0,False,9
492,every time you go to the kettle water is already at boiling point and ready for you to use,t3_iu0y1k,1600308370.0,0,False,19
493,whenever you make a reddit comment post saying will be real in seconds it will actually be real once those seconds pass,t3_iu0438,1600305957.0,0,True,22
494,all your chip bags are actually filled to the top with chips,t3_ittq0y,1600284955.0,0,False,12
495,every time someone screenshots my meme i can sense it,t3_itwsi2,1600295951.0,0,False,10
496,you can steal anything from anyone you touch for example physical objects thoughts or desires,t3_itst1y,1600280443.0,0,False,15
497,you can binge watch an entire tv series even one with several seasons in one day,t3_itnet0,1600253799.0,0,False,16
498,whenever you see a stunt performed in an internet gif or in a movie you immediately gain those skills at the same skill level as the performer,t3_itw0ee,1600293406.0,0,False,27
499,saying oh hi mark will teleport you to a random rooftop,t3_itqi09,1600267399.0,0,False,11
500,you always know what you want to eat,t3_ittpfd,1600284878.0,0,False,8
501,you can edit life,t3_itr9md,1600271423.0,0,False,4
502,you dont need to read terms of service privacy policy and etc to know what it says,t3_itrr00,1600274290.0,0,False,18
503,you are always able to tell if somebody is trolling or just stupid,t3_its996,1600277250.0,0,False,13
504,you can smell things in videos,t3_ittrgw,1600285134.0,0,False,6
505,by saying eyes on me everybody within hearing range has to stop absolutely everything they are doing to respond with eyes on you until you release your mental hold on everybody affected by this they are your slaves goons etc,t3_itq46j,1600265420.0,0,False,40
506,you never forget what u were supposed to say when someone interupts you,t3_itrjft,1600273030.0,0,False,13
507,you can transfer physical injuries and pain to other people,t3_itro24,1600273806.0,0,True,10
508,saying fuck off murphy will give you the best result possible in whatever situation your are in,t3_itijqq,1600235510.0,0,False,17
509,your pokemon team is now with you in real life,t3_itqpdg,1600268443.0,0,False,10
510,any time youre physically harmed your body turns to ash and falls away revealing a brand new unharmed body,t3_itpuno,1600264148.0,0,False,20
511,every night a small man dressed as elvis presley wearing fairy wings will come into your room and tell you on a scale of to how good the next day is gonna be,t3_itgeqs,1600228815.0,0,False,33
512,you can automatically go back five years to create a funny reddit username for the sole purpose of beetlejuicing someone in a comment thread and it wont seem like you just created the account,t3_itnsm4,1600255312.0,0,False,34
513,you have a punchy anti entropy boy,t3_itpue9,1600264111.0,0,False,7
514,every time you make yourself cereal there will always be the perfect milk to cereal ratio,t3_itowav,1600259721.0,0,False,16
515,you have access to every season that will ever be created for a show or movie and it is all contained on an app you can put on any tv or phone but it will only work for you,t3_itoezu,1600257732.0,0,False,39
516,if you can talk your mailman out of delivering your bills to you those bills will be waived,t3_itqbty,1600266517.0,0,False,18
517,you actually have motivation to get stuff done,t3_it9o0t,1600208314.0,0,False,8
518,you can be the best at anything you choose,t3_ithfrn,1600231963.0,0,False,9
519,you are able to mark anyone you think of even if you dont know them irl and use there mark as a means of space time travel,t3_itpd61,1600261827.0,0,False,28
520,you can blacklist anything you want in real life,t3_itm4p2,1600248834.0,0,False,9
521,you can buy weed off of anyone,t3_itj0gz,1600237122.0,0,False,7
522,you can reboot your body if something goes wrong and it corrects itself i e lose an arm reboot it grows back get the flu reboot youre fine only issue is if you reboot you lose some short term memory,t3_itmv39,1600251659.0,0,False,41
523,you can summon charles and have him crash his helicopter into anywhere you want,t3_itjwwp,1600240351.0,0,False,14
524,you can piss shit and cum in your pants without anybody noticing,t3_itnqzu,1600255136.0,0,False,12
525,you can absorb the talent and or skill of anyone,t3_isnp6v,1600128013.0,0,False,10
526,you can go back in time to one point in your life with all of your hindsight but its a one way trip and must live with the changes made,t3_itl94h,1600245423.0,0,False,31
527,slapping any damaged machine no matter how damaged it is will cause it to instantly repair itself back to its original state,t3_itbfsw,1600213797.0,0,False,22
528,time stops when you sleep yet you get all the benefits of sleeping and can sleep as long as you like,t3_itb2w1,1600212706.0,0,False,21
529,h,t3_itjzee,1600240622.0,0,False,1
530,everything you eat drink tastes like the best version of it a gas station hot dog will taste like the most deluxe hot dog,t3_ithts0,1600233209.0,0,False,24
531,when someone says just guess you guess it right every time,t3_ite77y,1600222241.0,0,False,11
532,anyone who comes up to you in game and begs for free stuff gets slapped irl on command,t3_iti4s9,1600234167.0,0,False,18
533,whenever youre insulted without thinking you can immediately use the greatest comeback possible,t3_itd751,1600219109.0,0,False,14
534,you can choose what you will dream before you fall asleep,t3_ita87y,1600210127.0,0,False,11
535,you have a stando any stando,t3_ithq7d,1600232889.0,0,False,6
536,you can see subtitles around people when youre speaking with them,t3_itb2r7,1600212693.0,0,False,12
537,you can change your perspective to other people and then change back to your own body at will,t3_itfphs,1600226749.0,0,False,18
538,you can change the contents of a container by changing the label,t3_it6cmr,1600195556.0,0,False,12
539,show future,t3_itg4au,1600227951.0,0,False,2
540,your bed is as comfy when youre trying to sleep as it is when you have to get up,t3_it3ye7,1600183098.0,0,False,20
541,you have save files and the ability to reset time up until the moment you receive this power,t3_itdoao,1600220608.0,0,False,18
542,sicko mode,t3_itim7d,1600235744.0,0,False,2
543,you have a button that lets you start a day over from oclock at midnight,t3_it9rff,1600208617.0,0,False,16
544,your computer code works as you intend it not as it needs to be written,t3_it9ql9,1600208541.0,0,False,15
545,everytime you nut your lifespan increases by years,t3_it9iqu,1600207821.0,0,False,8
546,sing along,t3_ite70m,1600222222.0,0,False,2
548,you can control the molecular structure of anything you touch,t3_it9t6x,1600208781.0,0,False,10
549,every mannequin you touch becomes your follower,t3_itezgg,1600224569.0,0,False,7
550,you can completely use up a pens ink without losing it,t3_itcthl,1600217912.0,0,False,11
551,everytime you consider simping rick astley puts a gun to the back of your head,t3_itb4dk,1600212834.0,0,False,15
552,your piss has a special properties which makes the piss transform into a solid that can puncture through anything in the direction it is headed,t3_itk053,1600240701.0,0,False,25
553,when you feel really anxious an inhaler will be fused in your pocket that you can use to make the anxiety go away for good this also works for any negative feelings so you will be given a clear mind to complete your task at hand,t3_itcc7e,1600216467.0,0,False,46
554,any item that is relevant to you in your current situation is outline with a bright white,t3_itb9hz,1600213267.0,0,False,17
555,you can turn off certain emotions and pain whenever wherever,t3_it2h0r,1600176160.0,0,False,10
556,youtube stops asking you to get premium,t3_iscbxc,1600079896.0,0,False,7
557,you cannot see emojis except only the generic ones like smile as the text,t3_itg9vw,1600228415.0,0,False,14
558,there should an ability called ghostmode with max time of seconds and twice daily,t3_itfvjy,1600227253.0,0,False,14
559,every time you say i like your cut g everyone in a mile radius gets slapped in the back of the head,t3_it0ibj,1600168234.0,0,False,22
560,you have the ability to teleport anything you wish to any place you want on earth by simply touching it and saying the latitude longitude and height from sea level,t3_itbwv3,1600215188.0,0,False,30
561,you can run times more then last week,t3_it5ecv,1600190670.0,0,False,8
562,you can move any inanimate object in the world by a maximum of inches,t3_it3kcd,1600181161.0,0,False,14
563,whenever you take a poop your life increases by years,t3_it9hud,1600207737.0,0,False,10
564,you can fix a broken item by doing the exact same thing that was done to break it,t3_it2m0h,1600176780.0,0,False,18
565,you can be before the collapsing of any wave functions and choose among them the one who will be your reality,t3_it6pov,1600197328.0,0,False,21
566,at pm everyday you can turn oregano into weed,t3_islj5w,1600121265.0,0,False,9
567,you can see the future of the world in the form of memes that will be posted on reddit,t3_it2roy,1600177483.0,0,False,19
568,you are immune to everything starvation aging death from meteors but you have to stay still like a person in a coma,t3_it9q3y,1600208497.0,0,False,22
569,you can turn a karen into a normal person,t3_it0ir9,1600168276.0,0,False,9
570,you have a control over your body,t3_isyjr1,1600161100.0,0,False,7
571,if you say i agree that you exist chirag you get a free floating corn dog that is safe to eat,t3_it2weg,1600178093.0,0,False,21
572,you can speak the ancient gods tongue,t3_it5cnq,1600190429.0,0,False,7
573,you can touch a book and gain all of its information,t3_isr6vi,1600137991.0,0,False,11
574,everything u attempt will succeed like you imagined it,t3_it2jrr,1600176506.0,0,False,9
575,your head will always be on the cold side of the pillow,t3_isjlg6,1600114021.0,0,False,12
576,you instantly know who the imposters imposter when you join an among us game,t3_itcstq,1600217854.0,0,False,14
577,being able for food to be delivered to you as if it just freshly made i e sushi just made will be in the same state as it left the sushi chefs hand upon arrival fries are hot and crispy,t3_iszu48,1600165699.0,0,False,41
578,by speaking the phrase its high noon you can summon one cowboy hat amp one pistol the hat will grant you an immunity to aging death pain need to sleep and damage to your body the pistol has infinite ammo can kill anything in one shot except for yourself and is impossible to destroy,t3_isss49,1600142535.0,0,True,55
579,you have the ability to change the display of a billboard sign to whatever photo gif you desire,t3_it4dc7,1600185226.0,0,False,18
580,saying dont be sad actually cures depression and anxiety,t3_istaoi,1600143909.0,0,False,9
581,you can end racism,t3_isvraa,1600151366.0,0,False,4
582,you have an infinite supply of good bois and good gurls,t3_it2arw,1600175386.0,0,False,11
583,your a warlock from classic wow,t3_it5djs,1600190557.0,0,False,6
584,zenkai boosts that apply to everything you do,t3_it30k2,1600178616.0,0,False,8
585,you can spawn a mirror next to the camera on picture day so you know what you look like,t3_it1cqq,1600171476.0,0,False,19
586,if you say go back to horny jail a baseball bat appears in your hands,t3_iss7y4,1600140950.0,0,False,15
587,whenever downloading anything the estimated time until it is done is always spot on,t3_isy1c0,1600159254.0,0,False,14
588,you can actually cough up money,t3_isrmem,1600139224.0,0,False,6
589,every time youre making a big decision in life you can save and load up before making that decision and see what happens,t3_isr9e7,1600138184.0,0,False,24
590,a limitless refillable wine glass or drink glass that refills itself as needed,t3_it02xc,1600166597.0,0,False,13
591,you will be able to draw a sword and fix,t3_it5d6g,1600190504.0,0,False,10
592,you can erase anything you want,t3_isuz25,1600148896.0,0,False,6
593,you can reverse anything,t3_it1bb4,1600171324.0,0,False,4
594,enemies take twice the damage when they block your attacks,t3_iszijo,1600164541.0,0,False,10
595,maskbending,t3_isyfdw,1600160663.0,0,False,1
596,you can restart your life whenever you want and you still have your memory of your previous life,t3_ist8b0,1600143724.0,0,False,18
597,your hands charge any electrical device they touch,t3_ispj8t,1600133225.0,0,False,8
598,you can make any the hottest porn game of bet you cant last minutes playing this game ad into a real game,t3_isrvn4,1600139972.0,0,False,23
599,any mirror you touch can summon a portal which will lead you to the exact copy of our world from except only you are there free food and wifi anything you want bring as many friends as you want you dont age and when you come back its as if no time has passed,t3_iry8o6,1600032358.0,0,False,54
600,every plan you make works out perfectly and everyone shows up,t3_istdao,1600144118.0,0,False,11
601,you can understand every word of any song you listen to,t3_iswgbo,1600153688.0,0,False,11
602,you can make anything implode by pointing at it and shouting pop,t3_istcar,1600144036.0,0,False,12
603,you have the ability to manipulate probability,t3_isnxt7,1600128670.0,0,False,7
604,kami yosei monogatari,t3_it5aza,1600190169.0,0,False,3
605,murphys law is in your favor,t3_istpuz,1600145136.0,0,False,7
606,you can catch people to fight for you like pokemon,t3_isvyq5,1600152066.0,0,False,10
607,your urine comes out with the force of a pressure washer,t3_israza,1600138310.0,0,False,11
608,your free trials never end,t3_isjwon,1600115325.0,0,False,5
609,you can turn all your reddit coins into chocolate coins,t3_istgvh,1600144399.0,0,False,10
610,your chosen raindrop always wins the race,t3_issd4j,1600141361.0,0,False,7
611,your embarrassing life moments are instantly erased and you start back at the point before you made the fatal mistake,t3_isilas,1600109318.0,0,False,20
612,you have the ability to travel to any place just by going through a door,t3_isjg1m,1600113408.0,0,False,15
613,by saying bites the dust everyone in a meter radius blows up,t3_it0uvg,1600169556.0,0,False,12
614,you can politely ask wasps to leave you alone and they listen,t3_isjd70,1600113037.0,0,False,12
615,you can copy paste notes homework irl,t3_istipo,1600144557.0,0,False,7
616,you can turn any object into another object of your choice but only if youve peed on the original object,t3_issbak,1600141216.0,0,False,21
618,you always have adblocker installed irl,t3_isnq11,1600128072.0,0,False,6
619,you have an aura that makes people calm and happy,t3_isoalu,1600129636.0,0,False,10
620,spoons dont send water flying everywhere when doing dishes,t3_isvww4,1600151894.0,0,False,10
621,you can pull that piece of skin by your finger off without pain,t3_isp4hr,1600132031.0,0,False,13
622,no matter where you sit or lie down youll always be the most comfortable youve every been,t3_isiv3j,1600110641.0,0,False,19
623,donald trump becomes the best president and actually doesnt act stupid,t3_issykn,1600143016.0,0,False,12
624,you can attack people through the internet if they annoy you,t3_isvcu6,1600150088.0,0,False,11
625,luck,t3_isoe40,1600129906.0,0,False,1
626,you never have brain dead teammates in among us,t3_ismxqj,1600125731.0,0,False,9
627,a lighter appears wherever you need one,t3_isofx7,1600130051.0,0,False,7
628,infinite cardio,t3_iswf6w,1600153579.0,0,False,2
630,you only get ads you actually care about,t3_islqr4,1600121975.0,0,False,8
631,every game you complete comes with a real world reward a money reward of a euro in your account physical fitness you will gain the physical benefits of a week of exercise for every completion mental boost it will do more than just release dopamine it will help your mental health,t3_ishiyg,1600103619.0,0,False,51
632,reddit stops asking you to verify your email,t3_isjsx1,1600114884.0,0,False,8
633,when you watch a video ad online all revenue of that ad during the playtime goes to you,t3_iskqj3,1600118519.0,0,False,18
634,training benefits,t3_ismc64,1600123889.0,0,False,2
635,you can force someones face hair to grow and tangle itself into a mask in just a few seconds,t3_iskgoj,1600117519.0,0,False,19
636,you can pull the most useful item out of your pocket at any given moment,t3_isjdpm,1600113104.0,0,False,15
637,you can call upon the spirit of shakespeare to help you in an argument online,t3_ispfuy,1600132950.0,0,False,15
638,when writing on paper the red and green scribbles from word appear if spelling grammatical errors are made,t3_isn38r,1600126195.0,0,False,18
639,with a clap you can cure everyones in the worlds illness or just injury,t3_isj787,1600112269.0,0,False,14
640,mastery,t3_ismbn7,1600123845.0,0,False,1
641,you can run double your average speed when needing the toilet,t3_isjgln,1600113472.0,0,False,11
642,any time someone speaks in a language you dont understand subtitles will appear above there head,t3_ise2qw,1600086857.0,0,False,17
643,you can control your childhood monsters and bring them to the real world under your command,t3_isibd2,1600107890.0,0,False,16
644,you can always solve the im not a robot captchas or equivalent on the first try,t3_isjuwd,1600115112.0,0,False,17
645,you can keep an app that was deleted from the appstore and it still would work,t3_ispviv,1600134216.0,0,False,16
646,you can make a smaller larger copy of any object you see simply by pinching your fingers in front of that object,t3_ispic8,1600133149.0,0,False,22
647,anything you edit in wikipedia will automatically be true,t3_is6dkx,1600058715.0,0,False,9
648,heres a twist you expected to summon something but you didnt expect being summoned yourself right an unknown person has gotten the ability to summon you and others to a new world to live the rest of your lives in this world isnt like a copy of ours closest i can tell its another reality,t3_isqvtn,1600137115.0,0,False,59
649,if you try to pause an online game you stop time,t3_isbfus,1600076526.0,0,False,11
650,you know know if a post is a repost and the name of the op,t3_isig0p,1600108557.0,0,False,15
651,saying serious series serious then the name of the action you will do you will gain infinite strength,t3_ish219,1600101094.0,0,False,18
652,you can learn how to do tricks by trying to copy,t3_iso6u8,1600129357.0,0,False,11
653,every time a fan complains rants about his universe you can send him into it,t3_isgk81,1600098491.0,0,True,15
654,any non living property thing you piss on legally becomes your property and that means anything,t3_iser7m,1600089797.0,0,False,16
655,they cant see me if i cant see them always works,t3_isdzah,1600086469.0,0,False,13
656,you get to decide when you play imposter when playing among us,t3_isdikn,1600084552.0,0,False,12
657,you can fall asleep on command no matter what kind of day is ahead,t3_isez3v,1600090816.0,0,False,14
658,you matter,t3_iscnmk,1600081175.0,0,False,2
659,no matter what happens crumbs never appear in your bed,t3_iseb7g,1600087860.0,0,False,10
660,every time you dont feel like going to work your boss will text you to take the day off,t3_is8f5t,1600065508.0,0,False,20
661,you have the power of pop pop in real life,t3_isi7wa,1600107381.0,0,False,10
662,you can change the odds of anything,t3_isbja2,1600076887.0,0,False,7
663,your a persona protag,t3_isot1p,1600131096.0,0,False,4
664,the people you bite will turn into a zombie that only serves you and will do whatever you want,t3_iscgpq,1600080405.0,0,False,19
665,you can take a piss through secondary urethras located on the bottom of your feet,t3_isepzn,1600089643.0,0,False,15
666,you have extreme telemetry and control over your body,t3_isccm0,1600079969.0,0,False,9
667,you can egg people,t3_isa91u,1600072042.0,0,False,4
668,your dick size is the optimal size for every girl you fuck,t3_irjfcl,1599969056.0,0,False,12
669,you have the power to win any argument regardless if youre right or not,t3_is6cmp,1600058629.0,0,False,15
670,the first tab you click on is always the one you were looking for,t3_is77qq,1600061411.0,0,False,14
671,when you open your hand and stretch your arm out you can summon your phone keys or basically anything the same way thor summons mjolnir those items can only be lifted by you after using this power,t3_isbg4d,1600076554.0,0,False,37
672,you can release pheromones at will,t3_isbd3y,1600076251.0,0,False,6
673,you have auto save points for crucial life decisions and at age you get the option of new game,t3_irfkfi,1599956562.0,0,True,19
674,you can eat anything in r forbiddensnacks and it tastes like it should,t3_is7a9j,1600061640.0,0,False,13
675,your robinhood app will now feature a next day week month months year and years chart as opposed to past day week month and so on,t3_ishdlq,1600102816.0,0,False,26
676,whenever you say pff screw gravity you lose gravity so you jump higher and fall slower,t3_irzjxk,1600037383.0,0,False,16
677,you control the size of the socks you wear at will,t3_isbmsd,1600077253.0,0,False,11
678,you are the only one who has perfect connection in online classes,t3_isdbol,1600083792.0,0,False,12
679,you can have your own pocket dimension where you could store anything in,t3_is4rc4,1600053724.0,0,False,13
680,every time you have sex you can see the person your partner had sex with last and when they had it and who you will have sex with in the future,t3_iscoqd,1600081293.0,0,False,31
681,the ability to rewind the world or a single object spilt you coffee rewind it about to get shot rewind,t3_is86lu,1600064680.0,0,False,20
682,you can control time by turning any working clock,t3_is6b87,1600058508.0,0,False,9
683,you can gain all the benefits from a montage and not lose any time from it for example a montage of getting shredded took no time at all,t3_is7st2,1600063360.0,0,False,28
684,your body has the endurance of a gta protagonist,t3_is2k2s,1600047174.0,0,False,9
685,you have all the powers and skills of all the characters on the cw,t3_isccea,1600079946.0,0,False,14
686,at any time you can change any law in existence to whatever you want it to be and all documentation and consideration of it will be immediately adjusted to accept that,t3_is6id0,1600059143.0,0,False,31
687,you can replace any liquid in a mile area around you into baked beans,t3_is7m3s,1600062731.0,0,False,14
688,you gain super speed equivalent to quicksilver from dofp but only whilst perfectly singing dont stop me now,t3_is5tlb,1600057015.0,0,False,19
689,when you tell someone to go fuck themselves they actually go fuck themselves same works for any insult,t3_is88vh,1600064902.0,0,False,18
690,you can hit any trickshot like dude perfect,t3_is5rix,1600056840.0,0,False,8
959,whenever you drink milk there is a chance of immediately peeing with gs of force or obtaining x your muscle strength for seconds,t3_ipu61d,1599731853.0,0,False,23
960,touching your forehead for seconds will shoot a spartan laser the thickness being the size of your forehead,t3_ipu2mx,1599731501.0,0,False,18
961,jojoke i just wanted to do this one,t3_ipue4x,1599732673.0,0,False,8
962,you have the ability to find any itch on youre body,t3_iq67mj,1599782621.0,0,False,12
963,avoiding food network,t3_ipy9fw,1599749214.0,0,False,3
964,you can block pain any pain can be block,t3_ipumjc,1599733563.0,0,False,9
965,rude amnesia,t3_ipy0nv,1599747985.0,0,False,2
966,when you say to hell with you to someone the ground opens up and demons come up to drag that person to hell,t3_ip8jzd,1599651240.0,0,False,23
967,you can locate feebas tiles,t3_ipodc5,1599711916.0,0,False,5
968,whenever you use the microwave at night it doesnt make a sound,t3_ipplpw,1599715683.0,0,False,13
969,star platinum does your job for you,t3_ipn8f6,1599708579.0,0,False,7
970,by ejaculating in a glass of water you can turn it into any liquid you want,t3_ipmwc5,1599707613.0,0,False,16
971,you can teleport as far away as you can see,t3_ips0nr,1599723840.0,0,False,10
972,you gain the ability to pull peoples mask over their nose,t3_ipk7v2,1599700428.0,0,False,12
973,you can summon rick and morty,t3_ipuq0s,1599733938.0,0,False,6
974,you cant stub your toe,t3_ipsql8,1599726488.0,0,False,6
975,you can fly but only whilst above bricks,t3_ipu8bn,1599732092.0,0,False,8
976,sand does not stick to you or your clothing after a trip to the beach,t3_ipguzw,1599690369.0,0,False,15
977,people in the same room automatically question themself for any criticism you have about them but you remain anonymous,t3_ipwky1,1599741344.0,0,False,19
978,you can delete others memories as well as your own,t3_ipwiaa,1599741009.0,0,False,10
979,whenever you rap freestyle or not demons start appearing around you and do whatever you have in mind the more fire your bars are the stronger efficiant the demons,t3_ipmdup,1599706183.0,0,False,29
980,whenever you receive a reddit award you earn a superpower related to that award for one hour,t3_ipnm6y,1599709687.0,0,False,17
981,acknowledging the excistance of anybody will add life energy until you stop acknowledging them,t3_ipu1ww,1599731425.0,0,False,14
982,automatic fact checker when people lie to you their hair turns bright green,t3_iou44j,1599602606.0,0,False,13
983,you can groundhog day yourself at will,t3_ipq7nc,1599717646.0,0,False,7
984,you can stop time as long as its under hours however you have to be listening to an anime opening the entirety of the time,t3_ipsd18,1599725099.0,0,False,26
985,the power to log irl,t3_ipv9p5,1599735998.0,0,False,5
986,when you tell someone stop talking a zip will appear over their lips which is stuck shut monkeys paw power,t3_ipwl1j,1599741354.0,0,False,21
987,typing a cheat code in your phone must activate them in real life like leavemealone nuttertools aspirin or rocket man in san andreas spawning a car would be very nice,t3_ipmnhl,1599706938.0,0,False,30
988,you actually calm down after people tell you to calm down,t3_iprnb7,1599722528.0,0,False,11
989,you cough when your grab a pokemon booster pack that contains a secret rare card,t3_iprdpb,1599721576.0,0,False,15
990,saying its a boy turns everyone in a mile radius blue and sets them on blue colored fire and saying its a girl turns everyone in a mile radius pink and sets them on pink colored fire except the people you are conversing with at the moment and yourself,t3_ipvnpi,1599737540.0,0,False,51
991,you can put on and take off your tiddies as you please,t3_ipppnc,1599716034.0,0,False,12
992,any manga or webtoon you want to gets an anime adaptation,t3_ipow92,1599713538.0,0,False,11
993,so long as you can see the reflection of a room you can teleport there,t3_iprq18,1599722785.0,0,False,15
994,saying im scatman will summon a cat for seconds if you add at the end dubi dubi doo twice scatman appears,t3_iptzyg,1599731214.0,0,False,22
995,you have minecraft commands,t3_ipmwaw,1599707611.0,0,False,4
996,you are always on the inside of inside jokes,t3_ipqks9,1599718832.0,0,False,9
997,you recover from fatigue in less than seconds and stress lasts for a shorter time,t3_ipmwj0,1599707629.0,0,False,15
998,every lie you tell becomes true,t3_ipi20c,1599694110.0,0,False,6
999,you will always find way to make shitty superpowers useful,t3_ipgqb9,1599689943.0,0,False,10
