,0,1,2
0,Shitty Rules [Read before posting],t3_es5n7i,1579690068.0
1,"Any water gun you shoot fires actual bullets, while any real gun shoots water.",t3_izzgfn,1601124038.0
2,You now have the ability to make babies cry or shit on command.,t3_j00mg1,1601129026.0
3,You can make someone pee for you when you feel like peeing.,t3_j00192,1601126452.0
4,You can predict the end of a movie though it takes as long as the movie itself to to that,t3_iztyol,1601103050.0
5,You can tell if a person is romantically interested in you but only after you shit your pants in front of them,t3_izw0q5,1601110629.0
6,You can lift your balls with YOUR MIND!,t3_iz7qv3,1601016723.0
7,"For every full bottle of dried oregano you eat, you can shoot fully cooked spaghetti out of your fingertips for up to an hour",t3_izqrsy,1601092755.0
8,"When you wake up from a dream, you wake up in the exact same location as the one in the setting of your dream.",t3_izxcsa,1601115781.0
9,you are now Florida man,t3_izzzqi,1601126260.0
10,you have wings that are controlled by your boner,t3_j0179j,1601131774.0
11,You can make people forget that you have this superpower.,t3_izr290,1601093647.0
12,You can turn yourself inside out,t3_j003ip,1601126720.0
13,The ability to stare directly at the sun without blinking.,t3_j001j6,1601126483.0
14,You can add a second to your lifespan by wearing a robe for a year.,t3_izx9ah,1601115384.0
15,You can switch places of your legs.,t3_izx33v,1601114726.0
16,"When you’re happy and you know it, you make other people clap their hands",t3_j02f42,1601137850.0
17,Your vision is constantly zoomed in,t3_izw0gp,1601110602.0
18,Everytime you break a bone you get a five dollar discount on every store you go,t3_izwbpw,1601111792.0
19,"Your farts smell like perfume, except that you need to be naked while farting.",t3_izxkk5,1601116612.0
20,You can time travel. To do so you must shit your pants and you can only travel to a point in the past that you also shit your pants.,t3_izwv5g,1601113896.0
21,Any sentence you post in r/Shower thoughts will instantly become so complicated that people can only assume it's something vaguely like an actual shower thought,t3_izyqo9,1601121177.0
22,To make your belly button actually talk,t3_izv3af,1601107156.0
23,You can roll up the skin on your arms like sleeves,t3_iz2952,1600999222.0
24,You can permanently disguise as someone by sneezing on them,t3_izxreq,1601117360.0
25,"You can now talk to plants, keep in mind the plants won’t talk back",t3_izvhbd,1601108574.0
26,you can tie shoes really fast,t3_izxbfk,1601115628.0
27,your spit can be used as a weak detergent,t3_izxayj,1601115573.0
28,You now can swap heads with a fly,t3_izsgpo,1601098137.0
29,You are what you eat.,t3_izrmfn,1601095421.0
30,You can vomit on command,t3_izp43j,1601087704.0
31,You have the power to feel the pain that the ground feel When u step in it,t3_izwvit,1601113936.0
32,Your urine turns things gold,t3_izsk4q,1601098451.0
33,You can teleport anyone anywhere with a rotten dish of their favorite food,t3_izvomk,1601109343.0
34,You can change your ethnicity by the types of foods you eat,t3_j00y5c,1601130533.0
35,Any cavemen near you will automatically die.,t3_izo3ko,1601084559.0
36,You can summon a thick sphere of seran wrap around a racist's head at will.,t3_izuph1,1601105727.0
37,You age five years each time you talk in Old English,t3_izximc,1601116398.0
38,You know every answer to every test when you moan really loud,t3_izgww4,1601057523.0
39,You can prevent rain from happening when going out carrying an umbrella,t3_izv8um,1601107713.0
40,You can make people use the metric system,t3_izldjf,1601076013.0
41,You can out-obvious Captain Obvious. Obviously.,t3_j00dx3,1601127978.0
42,You can turn off friction for yourself at will,t3_izu29n,1601103394.0
43,You can make others hear food screem when you consume it,t3_izseov,1601097947.0
44,You can turn into a bush,t3_izh2b5,1601058411.0
45,You can be invisible only when you masturbate,t3_iztm2t,1601101868.0
46,"Every time someone tries to read your mind, your thoughts instantly switch to oppa gangnam style",t3_iz7two,1601017027.0
47,You can telepathically Rick Roll,t3_izrzms,1601096588.0
48,Everything you eat taste like choco-mint.,t3_j02klg,1601138624.0
49,You always know why a helicopter is flying overhead,t3_izly80,1601077862.0
50,You can know who the imposter/s is/are in Among Us.,t3_iztiys,1601101582.0
51,Your foreskin comes all the way back &amp; you can take your entire skin off.,t3_izhvh3,1601062707.0
52,You can turn dead frogs to stone,t3_izj0t4,1601067759.0
53,"If more than 50 percent of your fart enters a persons lungs, they fall in love with you on the spot.",t3_izt5oe,1601100390.0
54,You have the power to read your own mind!,t3_iznbeq,1601082143.0
55,You can piss ants which will proceed to march to the nearest chicken and swarm it,t3_izss27,1601099175.0
56,You now can talk to plants,t3_izsi1x,1601098258.0
57,Everytime you close your eyes you cant see.,t3_izuqd2,1601105818.0
58,"Every time u click ur mouse button, you earn 0.001$.",t3_izp4yn,1601087773.0
59,Spiderwebs will glow so you can see them 7 inches away from you,t3_izuj3m,1601105081.0
60,You can speak any language.. butt every sentence you speak has to end with that language’s translation of “no homo.”,t3_izqc16,1601091403.0
61,You can find anything that you can see.,t3_izxxfy,1601118046.0
62,"You can point at someone and make their skin any color you want, or make it see-through so their insides are showing.",t3_izu412,1601103574.0
63,Having the ability to smell an erection within 27 yards,t3_izsjjv,1601098394.0
64,You know the name of anyone you touch,t3_j00r5j,1601129618.0
65,You can lure the closest ambulance when you shit your pants.,t3_izh7fn,1601059206.0
66,"By kissing someone on the lips, you can pop a dollar out of your ass",t3_izl13t,1601074911.0
67,You can make any towel of your choice wet with the snap of your fingers.,t3_izs2r2,1601096864.0
68,You can read peoples minds when they think negatively of you,t3_j00fyt,1601128225.0
69,"You can instantly grow any plant, and as soon as it comes into contact with semen, it explodes and leaves behind a turtle, which will die after 4 seconds",t3_j00bzc,1601127743.0
70,You can think of all the puns you could make in a conversation,t3_j003ef,1601126708.0
71,Your butthole works like a Chinese finger trap.,t3_izrj9f,1601095129.0
72,"Every time you blink, a random person in your country poops",t3_izsq6j,1601099004.0
73,You can speak every language and don’t understand what you or others are thinking/saying,t3_izsmux,1601098693.0
74,You body will turn to dried leaves when you die.,t3_izr93r,1601094254.0
75,You can become invisible when you have more than 100 living spiders on your skin,t3_izorq3,1601086642.0
76,You can hit your head on a wall 4 times before it starts hurting.,t3_izm3s6,1601078353.0
77,"When eating food that you dip into a condiment, you always finish both with no leftover.",t3_izofzy,1601085635.0
78,You can instantly infer context from any quote or reference made within your hearing.,t3_izpf9w,1601088636.0
79,You can summon the band Smash Mouth to any viable location for a pop-up concert!,t3_izgbd2,1601054039.0
80,"You’ll be super smart at math though you’ll be incompatible to read, talk and write when u use the ability",t3_iznnkb,1601083182.0
81,All your pets have 9 lives,t3_izrmv9,1601095457.0
82,You always get a 1% discount on all the rugs you buy,t3_izrjtj,1601095181.0
83,You can stop sand from getting between your toes if you complain about it,t3_izoa7h,1601085127.0
84,Playing the flute like a snake charmer will make any ants in the surrounding area slightly dizzy.,t3_izoa6t,1601085126.0
85,You can walk through closed doors only if they’re also unlocked,t3_izn3n0,1601081475.0
86,Stepping into sunlight sets a random thing on fire,t3_izphzh,1601088865.0
87,You can make yourself 10% more likely to be struck by lightning.,t3_iz8nlj,1601020043.0
88,You can eat 100 year old eggs without getting sick and you actually like them,t3_izpeup,1601088601.0
89,You can delete other peoples comments.,t3_izlxk2,1601077800.0
90,You can puke blood at your will.,t3_izexyn,1601046289.0
91,"Whenever you're horny, you can summon any character, fictional or not, and it will always have an appearance that'll turn you off.",t3_izl3qo,1601075131.0
92,You run 10% faster while you're masturbating.,t3_izezhq,1601046528.0
93,"You can go 60 seconds into the past, by swinging all the way round on a swing set.",t3_izf8z3,1601047981.0
94,You can lift one pound more than the weakest person in the room.,t3_iznifz,1601082731.0
95,"You can see in the dark, only if you close your eyes",t3_izdquc,1601040276.0
96,You can throw your eyelashes like boomerangs,t3_izfc41,1601048440.0
97,You become bulletproof after you get shot,t3_izmep7,1601079310.0
98,You can make your feet shrink.,t3_izm7zp,1601078713.0
99,You can walk through walls and your cloths cannot.,t3_izf0gf,1601046675.0
100,"You see, hear, etc. 2 seconds in the future. You can't see the ""now"" while this ability is active.",t3_izltnu,1601077440.0
101,You can see throught mask,t3_izjupn,1601070935.0
102,You can instantly change all of the m&amp;ms in any bag of trail mix to skittles.,t3_iz8kud,1601019758.0
103,You can make people believe you're a meth-addicted street beggar anytime you want.,t3_izl18v,1601074923.0
104,You can teleport your toenail clippings,t3_izk6nr,1601072105.0
105,There is a 50% chance you get an erection if the teacher asks you to stand up,t3_izk6gk,1601072085.0
106,"For every giant glass of milk you drink, your bones are indestructible for 1 hour. For every galloon of milk you can grow 1 bone wherever you want.",t3_iz8qjt,1601020342.0
107,You are an earthbender though everyone else is a avatar,t3_izjmpe,1601070131.0
108,Can't do title BC not creative,t3_izgo96,1601056138.0
109,The sound of your sneeze is replaced by a loud and long moan.,t3_izeypa,1601046401.0
110,You can command dragons. Too bad there are no dragons in your lifetime.,t3_izey2i,1601046307.0
111,Each time you punch someone,t3_izb2ho,1601029078.0
112,You can tell if someone is lying if they tell you so,t3_izp7qc,1601088006.0
113,In a similar fashion to Avatar The Last Airbender you too are now a bender... of pubes,t3_iz9lu1,1601023514.0
114,"People will never reply to your texts with a ""hmmm"".",t3_izezxi,1601046595.0
115,"As long as you're completely naked and not touching any part of yourself, you're invulnerable.",t3_izg8o4,1601053604.0
116,You can take your nose off to pick it.,t3_izfmkv,1601050035.0
117,You are just as invisible as you feel you are.,t3_izekzj,1601044391.0
118,"You have a paralyzing fear of water, and every time you think about swimming and feel that fear everyone within 5 miles screams and slaps themselves.",t3_izgmki,1601055875.0
119,You can explain to people why Epstein didn't kill himself.,t3_iz18ku,1600996080.0
120,"Every time you think in of a number, someone randomly around the world will have his finger grown that size",t3_izhfz5,1601060532.0
121,You can gain or lose weight by willing non-lethal constipation or diarrhea upon yourself for as long as necessary to get the job done.,t3_izcjd5,1601034993.0
122,Time only moves when looking at a clock.,t3_izbfzr,1601030521.0
123,"You can teleport, but only to the location of the nearest Juggalo",t3_izirxk,1601066746.0
124,You have x-ray vision,t3_izewjl,1601046081.0
125,"When you masturbate in a room with closed doors, anyone who wants to open any door must solve a reCAPTCHA. Effect voided when you orgasm.",t3_iyze68,1600990288.0
126,"Whenever you dab, a random person farts.",t3_izen3c,1601044687.0
127,You can teleport short distance only when people eyes are closed,t3_izg4pq,1601052946.0
128,"You can never lose your nerf darts, ever",t3_izcbu4,1601034103.0
129,You know what Time is it in random Country Just by taking a shit,t3_izen56,1601044693.0
130,Anything you touch becomes the last thing you touched.,t3_izbiov,1601030827.0
131,Your hair is spaghetti,t3_izargl,1601027924.0
132,You can summon crayons by pulling them out of other people's pockets,t3_iz2kh3,1601000163.0
133,"Every time your heart beats someone random in the world becomes 1% shorter, this can incude you.",t3_izbc0d,1601030097.0
134,All your limbs have foreskin,t3_izeuiu,1601045778.0
135,every time you fart on Tuesday at 4:30 pm someone you hate gets a bowl of cold pasta,t3_iz12tw,1600995556.0
136,You are granted the power of invisibility and you need to do a triple backflip to activate it,t3_iz189o,1600996051.0
137,You can give yourself temporarily deafening tinnitus to tune out other loud or annoying noises,t3_ize79z,1601042489.0
138,If a type of porn dose not exist you can make it exist by doing that type of new porn with a person.,t3_izbkrg,1601031056.0
139,"You can slow down time 90% for you at will, so you move and think ten times as fast",t3_iz9449,1601021672.0
140,You can desychronize all clocks in a 1 kilometer radius at will.,t3_izci53,1601034841.0
141,You can sprint full speed while carrying a hot drink and not spill a drop.,t3_iyw33f,1600978408.0
142,You can lick your elbow,t3_iz6f1u,1601012230.0
143,You can only eat what your reddit username is.,t3_izbt21,1601031974.0
144,Your mutant evolution has given you the proper anatomy to posses a functional cloaca.,t3_izen2c,1601044684.0
145,"You can freely move any object 2 solar masses or larger at speeds up to .99c, so long as you are within 10au of said object.",t3_izbfyz,1601030518.0
146,"Everytime you pee in bed, someone else's bed gets wet.",t3_iz15dp,1600995787.0
147,Magical van of stuff and things,t3_izbuya,1601032185.0
148,You can slow down any elevator that you are inside,t3_iy9m5e,1600894814.0
149,Everytime you come across a good and funny meme you are granted a dolar and you have to pay 50 cents for every meme you see,t3_iz19w2,1600996189.0
150,Your power is you're invisable only at the skin layer,t3_iz8cll,1601018900.0
151,You can eat plain nacho cheese Doritos vertically in one bite.,t3_iz1emi,1600996605.0
152,You can walk on water only when you are walking backwards,t3_iyypy7,1600988046.0
153,You can look at yourself in the mirror while wiping your butt without feeling ashamed about yourself.,t3_iyyg4z,1600987119.0
154,You can make disappear the last word of any,t3_iz3aow,1601002361.0
155,Every single ass hair you have can move and has its own will.,t3_iz7azi,1601015158.0
156,You have super-hightened sense of smell with a bad memory of what the smell is of,t3_iz0v17,1600994888.0
157,"You can only laugh at the worse possible times, and your laugh is a really bad cliche evil laugh.",t3_iyz88e,1600989745.0
158,Everytime you smell something familiar thr urge to take a shit increases by 20%,t3_iz12tr,1600995556.0
159,You have an amazing voice. Any person who hears your voice for the first time stops whatever he/she was doing and appreciates it for 10 whole minutes.,t3_iz2kbo,1601000149.0
160,"When you hug someone, they get a cool superpower.",t3_iyub9z,1600970114.0
161,"You are able to make 1 wish every time you kill someone. You cannot wish them back to life, and you cannot wish for more wishes.",t3_iyzh22,1600990535.0
162,"You Can Run At The Speed Of Light for 0.1 Seconds, And You Can Only Do It Once",t3_iz11me,1600995451.0
163,"Everytime you kiss a certain person, you swear you can fly",t3_izd6aj,1601037693.0
164,Your tears taste sweet instead of salty,t3_iyx7jg,1600982729.0
165,You can cure yourself from all diseases by eating a full bar of soap,t3_iyx6m1,1600982629.0
166,You can pay for microtransactions with Cash by inserting it some how into your gaming console or pc,t3_iyvqjt,1600977016.0
167,You can choose what colour your eyes are,t3_iyurp1,1600972431.0
168,"When you hold your breath, you become weightless.",t3_iyt4is,1600963637.0
169,When you have your pants on your dick is massive except when you take them off it instantly becomes tiny,t3_iyzv5a,1600991794.0
170,Everytime you sneeze your eyelashes change with the ones of a random person,t3_iyunlc,1600971858.0
171,"Whenever you touch someone, you will be able to decide whether or not the soap will be foamy when the next time they take a shower.",t3_iyvm5e,1600976467.0
172,"You can read the first chapter of a book by looking at its cover, online or otherwise.",t3_iyuupf,1600972848.0
173,You have the power to forget your cake day,t3_iyy1my,1600985723.0
174,You can squeeze out hairs like popping pimples,t3_iyx3kt,1600982302.0
175,You can shift the location of your wounds.,t3_iyt4k8,1600963642.0
176,Your eyes are made of bacon,t3_iys0kj,1600957831.0
177,You can teleport at will,t3_iysje1,1600960588.0
178,Red Bull with extra steps,t3_iyuq6h,1600972219.0
179,you can give people explosive diarrhea by winking at them witch both eyes at the same time,t3_iyt202,1600963279.0
180,"You have the ability to switch context immediately with the person you are conversing with, avoiding to reiterate the backstory.",t3_iyviwn,1600976078.0
181,You cannot be accidentally hurt.,t3_iyt4jg,1600963639.0
182,When you smile everyone smiles back at you.,t3_iyr39x,1600953486.0
183,You can get that one hair off your tongue on the first try,t3_iyq4zu,1600949463.0
184,Between 3-4 pm you can immediately summon any famous person literally by your side. They really like you for 10 minutes then after that they try and kill you. At 4 pm they get sent back.,t3_iyqa4b,1600950043.0
185,While both of your hands are touching your face you can see perfectly in the dark,t3_iyns8m,1600940767.0
186,"You have the ability to be invincible if your standing still, just have a really bad itch in a spot you can’t reach.",t3_iyoo5z,1600943930.0
187,Every time you strike a pose anyone who looks at you will hear Jojo music in their head,t3_iy9ug8,1600895622.0
188,It is impossible for everyone in your vicinity to filter out the rude words from their speech.,t3_iysl5d,1600960840.0
189,You can turn your fingers into fish fingers,t3_iyn9x6,1600939045.0
190,"When your bladder is full, it becomes a deity that must be worshiped in the eyes of others and a demon that must be killed when it’s empty.",t3_iyoope,1600943991.0
191,You can fasttalk people about why they should become a jehovah's witness until you are completely exausted,t3_iyrnhg,1600956021.0
192,You can read minds and you hear it in a long lost dialect,t3_iymi35,1600936570.0
193,"Every time you fart, a random person around the world gains the ability to burp 0.1 decibels louder.",t3_iyc58m,1600903261.0
194,Nickelback songs for receiving nickels,t3_iyrc21,1600954587.0
195,You are biologically immortal. You can’t die of of old age yet you will still be susceptible to diseases and physical trauma,t3_iyhw5h,1600920288.0
196,"You are Invisible, but only when nothing is looking at you.",t3_iybz0o,1600902712.0
197,You can make subways go out of service at will,t3_iym5v4,1600933626.0
198,promises made to someone on their deathbed will have the exact opposite effect,t3_iyp9br,1600946107.0
199,You can weaponize turtles by shoving them in people’s asses,t3_iyf6e7,1600912371.0
200,Turning a computer off and on again fixes every computer problem,t3_iyimv7,1600922471.0
201,You can turn plastic into paper,t3_iyksy4,1600929107.0
202,Your pinky toe has the ability to find the corner of anything while walking or running.,t3_iybc14,1600900656.0
203,Your dick appears 2 inches larger when women aren't looking at it,t3_iycaq8,1600903725.0
204,you can waterbend the toilet water that you shit in,t3_iyi76l,1600921172.0
205,"You can fly, just an inch off the ground",t3_iye4uh,1600909320.0
206,You can slow time by making people uncomfortable. The more awkward the slower time passes.,t3_iyh2um,1600917988.0
207,You can open a portal to any place in the universe except you cant control the size and it never closes.,t3_iyfm4j,1600913666.0
208,You can tickle anyone at a range of 10 meters,t3_iy7hnx,1600885199.0
209,You can make anybody's farts sould like a song of your choosing.,t3_iybsdo,1600902140.0
210,You will not experience the fear of falling off the chair everytime you lean back a little bit too much,t3_iyc4ll,1600903207.0
211,"Every time you break something, it immediately becomes clean",t3_iyibra,1600921547.0
212,Everything you say is a JoJo reference.,t3_iydzwm,1600908908.0
213,You can control the rate at which time flows for everyone and everything everywhere while maintaining precisely the relativity matrix within which the universe operates.,t3_iym16c,1600933206.0
214,You can control all of the world’s warm mashed potatoes at once,t3_iydapw,1600906837.0
215,whenever chewing gum your shoe gets gum on it the worst things that can get on it get on it.,t3_iykfsb,1600927980.0
216,Your penis can switch places with any hole in your body.,t3_iyhz3i,1600920510.0
217,Every chair you sit on has a 70/30 chance of falling apart,t3_iybfkh,1600900975.0
218,People can't talk shit behind your back,t3_iycc8m,1600903861.0
219,You can make your piss any color if you ate food with that color within 24 hours.,t3_iyhspx,1600920018.0
220,"Everytime you get punched/hurt, a ""harder, daddy"" sound effect plays",t3_iybbaw,1600900592.0
221,You can perfectly mimic the voice of Bill Cosby while on television.,t3_iyfn1a,1600913745.0
222,Designated driver hangovers,t3_iyr88t,1600954114.0
223,"You can see the future, only the cringy moments that will happen to you and nothing else.",t3_iyc8xh,1600903572.0
224,You can stop someone else from sneezing and it makes you sneeze instead.,t3_iyjjal,1600925139.0
225,People Cannot open the post and see the rest of the text in the discription,t3_iycd21,1600903936.0
226,You can grind salt and pepper by holding them in your palm and moving your hands as if you are using a salt grinder,t3_iyf5h2,1600912292.0
227,You can get that one hair off your younger on the first try,t3_iyq444,1600949364.0
228,You can always get the pre-order bonus for videogames,t3_iyapiv,1600898576.0
229,You can teleport 1-3.Ft in a random direction,t3_iybj7o,1600901319.0
230,"Whenever you want to rexperience nostalgia, you can time travel to that point of time.",t3_iybygp,1600902662.0
231,"Everything you see is a flaming homosexual, and people who are flaming homosexual, are straight lawyers",t3_iyel77,1600910636.0
232,Mosquitoes are happy to see you.,t3_iyalnn,1600898233.0
233,You can loose hair whenever you want and it falls all at once,t3_iyjz1d,1600926524.0
234,"You can see and talk to dead people. They don't say or do anything, themselves though, because they're dead.",t3_ixjfh2,1600791780.0
235,Everytime you touch a dog he will massively cum,t3_iy7gar,1600884987.0
236,You are deaf while sleeping.,t3_iy7qn4,1600886492.0
237,You can read people's minds. Everything is translated into a language you can't understand.,t3_iy5tgl,1600875955.0
238,"You can say the n word and black people will see you black everytime you say it, so you good",t3_iy7h9x,1600885141.0
239,The ability to predict the weather everytime you get a migraine.,t3_iy9w13,1600895784.0
240,What ever you do will always be reflected back on you except with a 100x multiplier such as hit a person softly your head will explode or you will get severe brain trauma.,t3_iyf1zd,1600912002.0
241,You can telepathically project the comebacks you make in the shower.,t3_iy3lpd,1600864562.0
242,"Every time you upvote anything on Reddit, the post gets a free silver award.",t3_ixyztp,1600846703.0
243,Every door you want to open unlocks immediately,t3_iy76v5,1600883601.0
244,You can now instantly tell if someone has lost a game of russian roulette.,t3_iy593v,1600872870.0
245,You can make random objects grow hair of any length.,t3_iy3pr3,1600865076.0
246,"Everytime you go take a dump, you become the best singer in the entire world",t3_iy7i0l,1600885251.0
247,Your crush and any girl on the world will consider you attractive,t3_iy7gze,1600885093.0
248,You can predict tomorrow’s fake news,t3_iy6kti,1600880175.0
249,You can change the curvature of beans,t3_iy0gfs,1600852058.0
250,You put a industrial smelter in Roblox Skyblock in another person's chest that is not yours,t3_iyag9f,1600897725.0
251,You have all the knowledge of how to play a violin when holding a guitar.,t3_ixweml,1600837866.0
252,"Anytime you’re around any kind of corn, it turns into popcorn",t3_iy2rjh,1600860983.0
253,Everytime you get hit by a car it changes color,t3_iy1qku,1600856920.0
254,"Whenever you're in a public bathroom, you have the ability to turn into an insect of your choise. You can only turn back into a human in a kitchen",t3_iy6j8w,1600879930.0
255,You aren’t able to... yeah that’s it you just aren’t able to,t3_iy232e,1600858257.0
256,You can guess the expiration date of food and drink just by looking at the tag.,t3_ixx81x,1600840476.0
257,You can grow your toes any length you want.,t3_ixz4hk,1600847161.0
258,"You can open up a character customization menu for real people by saying ""Tell me about yourself, are you a boy or a girl?"" to them. Only they get to choose what to change.",t3_iy0tl8,1600853411.0
259,"When you kiss someone, wherever you are, a pigeon will find you and shit on you.",t3_iy45kw,1600867187.0
260,Whenever someone says «I’m so hungry I could eat a whole (insert animal)» you can summon said animal and the person is forced to eat it.,t3_ixq629,1600818998.0
261,You do not have the ability to be able to,t3_ixwuat,1600839242.0
262,"You are the most Beautiful person alive, only when no one is looking",t3_iy3x99,1600866073.0
263,Every time you masturbate one of your friends will simultaneously cum with you,t3_iy29nu,1600858976.0
264,You change your gender after having sex.,t3_ixlkub,1600803063.0
265,"Whenever you say “Or is it?”, Vsauce music starts playing",t3_ixqyc6,1600821334.0
266,You get to choose your own power in the comments and I reply with side effects,t3_ixx5hq,1600840248.0
267,"You summon any object in front of you by scheming at the top of your lungs ""GIVE ME (insert object here)!""",t3_ixyibi,1600844945.0
268,"Everytime you sneeze, you teleport, you cant control your sneezes or where you teleport to.",t3_ixvm10,1600835384.0
269,u can teleport flat-earthers to space so that they can see for them fucking selves,t3_ix90wt,1600750141.0
270,"You have the ability to talk to any animal, as long as that animal is extinct.",t3_ixsw16,1600827183.0
271,Finding Nerf darts as easy as you lose them.,t3_ixtkkn,1600829214.0
272,You can turn invisible while singing “This is the song that never ends” at the top of your lungs,t3_ixwvb1,1600839329.0
273,You can transform to a rock when you're 600 feet deep in the Bermuda Triangle,t3_ixi8mm,1600785274.0
274,"Everytime you go to sleep, a baby animal will cuddle with you.",t3_ixv9g6,1600834308.0
275,You can jump 6 feet in the air. You cannot jump any higher or lower.,t3_ixxmcg,1600841806.0
276,Everything goes in and out the same hole. EVERYTHING,t3_ixvl88,1600835310.0
277,You can literally talk out of your ass,t3_ixmx53,1600808485.0
278,"On drop down menus where you select your state during online checkout, you can always spin it to exactly your state.",t3_iy2e8b,1600859487.0
279,You win every armwrestle at the cost of shitting yourself,t3_ixoduf,1600813514.0
280,"When you hold your breath, you can fall through water like it is air.",t3_ixj23u,1600789635.0
281,You can make needles come out of your fingertips like wolverine (you are not immune to the pain they cause),t3_ixtbc0,1600828444.0
282,Naruto run grants 30% speed increase only when you're being filmed,t3_ixr5q9,1600821921.0
283,You can play any wildly inappropriate song on any instrument with perfect vocals any time.,t3_ixqy7v,1600821324.0
284,"Every time your poop weighs more than 5 ounces total, someone’s bud light is replaced with pineapple juice",t3_ixp4lr,1600815872.0
285,You have the ability to stop seeing sperm/sex/nut posts,t3_ixndmu,1600810102.0
286,You can make your enemy google search result always start from the last page,t3_ixqvql,1600821115.0
287,"You have super speed, it can only be used when your eyes are shut",t3_ixw313,1600836864.0
288,The ability to learn and play any song in the world on guitar at request.,t3_ixrm8u,1600823315.0
289,You can easily catch fish with your bare hands while in a metropolis,t3_ixte2p,1600828670.0
290,You can change alcohol into water.,t3_ixppoa,1600817653.0
291,"You can take any counterfeit money you find, (has to be realistic money so no Monopoly money) and turn it into real money.",t3_iy30ay,1600861970.0
292,You can open any type of door if you have 40 thieves with you.,t3_ixnihv,1600810577.0
293,You can eat and digest diamonds,t3_ixk92l,1600796471.0
294,Every door you walk by you get your shirt caught on the handle,t3_ixq4pf,1600818896.0
295,You can turn your cat into a dog anytime you need to dispose of leftovers,t3_ixsngn,1600826489.0
296,You always have a $5 bill on your person,t3_ixrgx9,1600822886.0
297,You can super-junp by generating a wildly powerful blast of air beneath your feet.,t3_ixv7pz,1600834160.0
298,Bean Bender. You bend beans. That's it,t3_ixh50s,1600779972.0
299,"You literally shit money. Brand new, balled up bank notes come out of your bottom.",t3_iwtvf7,1600692834.0
300,Your diaries write themselves as you go about your day.,t3_ixg8rq,1600776086.0
301,You piss the net weight of Niagra Falls,t3_ixuwhq,1600833223.0
302,You can teleport anywhere after counting to 1 million with no interruption,t3_ixdzx4,1600767278.0
303,"In russian roullette, you have an 5/6 chance to survive.",t3_ix6g66,1600742527.0
304,"You think so fast, that everything seems to be in super slomo for you. You cant switch it off so you have too stay in class for a loooong time.",t3_ixlf8p,1600802341.0
305,You can open a water bottle flawlessly,t3_ixnn47,1600811017.0
306,"For every 100 TikTok videos you watch, a random TikToker dies.",t3_ixijkf,1600786913.0
307,You have the ability to poop with such immense force that you can unclog a toilet.,t3_ix8bbn,1600748014.0
308,"No matter what happens, you don't smell like anything.",t3_ixh3o9,1600779804.0
309,You aren't able to...,t3_ixw1s8,1600836754.0
310,"Every time you take a shit, it points in the direction of buried treasure.",t3_ixh8bk,1600780389.0
311,You can give yourself/others backpain,t3_ixue35,1600831658.0
312,You can’t overdose on vitamin gummies anymore,t3_ixex5o,1600770785.0
313,"Whenever you have a song stuck in your head, everyone in close proximity can hear it.",t3_ixbyxv,1600759840.0
314,You can fart the price of venti Pumpkin Spice Latte.,t3_ixfltn,1600773515.0
315,You can only get hard by sucking your nuts in and make at her people hard when you don’t suck your nuts in,t3_ixsc9c,1600825554.0
316,"Everytime an awkward silence happens during a conversation, 90’s elevator music will come from your mouth if you keep it opened",t3_ix2tdo,1600731591.0
317,You shoot rainbows out of your hands that turns people gay,t3_ixbsl3,1600759211.0
318,Everytime somebody comments on your height you grow .1 mm,t3_ix3kgf,1600733979.0
319,"Whenever you are hungry, a can of baked beans will spawn right next to you, regardless if you want them or not",t3_ixmyyi,1600808653.0
320,You can make your crush like anyone except you,t3_ix1a96,1600726696.0
321,You get an alert whenever someone's mom is about to beat their ass.,t3_ixdbhf,1600764744.0
322,"You can talk to any God, except he doesnt talk back",t3_ixgbau,1600776368.0
323,"You can cause anyone within a closed area that you're also in, to fart simultaneously",t3_ixgu9d,1600778618.0
324,"You can fly, execpt only upwards.",t3_ixj7i4,1600790462.0
325,You can break blocks in minecraft by punching your monitor,t3_ixiah1,1600785545.0
326,When you hold your breath you float up like a hot air ballon.,t3_ixg9si,1600776196.0
327,Your food out of the microwave is always partially cold,t3_ixfdws,1600772636.0
328,You can make your skin invisible.,t3_ixbw4z,1600759553.0
329,"You can summon a magic blue shelf that can't be touched, and disappears after 2 minutes.",t3_ixipbk,1600787750.0
330,"Every time you take a shit, you gain one cent.",t3_ixct1b,1600762826.0
331,You can drink like using a straw without any straw.,t3_ix2tl3,1600731610.0
332,When you look at a tree you know the exact amount of leaves.,t3_ixg7ya,1600775997.0
333,You can sleep with your eyes open,t3_ixhlwq,1600782132.0
334,You are able to know what someone's last name would be if all their ancestors got their last name from their other parent,t3_ixobs3,1600813332.0
335,"You can summon a dog that sings thomas the tank engine theme song, everytime you are in a intense situation.",t3_ixhigu,1600781680.0
336,Every time you punch a tree there's a 50% chance you'll hear the minecraft theme,t3_ixfxoh,1600774839.0
337,You have the power to work any shower handle instantly.,t3_ixgb30,1600776345.0
338,"You morph into Koolaid man anytime you say ""Oh yeah""",t3_ixiy1t,1600789024.0
339,In the game Among Us you can always get the admin card swipe on your first try,t3_ixgvji,1600778787.0
340,You can stand your own voice in recordings,t3_iwur3i,1600696922.0
341,"While watching a movie, whatever outcome you thought would happen, happens.",t3_ixgigh,1600777200.0
342,You can make dead meme sounds when you try to vocalize them,t3_ixet9u,1600770363.0
343,"Once per day, you can cause someone's piss to smell like asparagus at will.",t3_ixd7xj,1600764378.0
344,"Clapping instantly turns all of the money under your name into reddit karma, additionally, once you clap once it’s turned on indefinitely and any money you earn henceforth is automatically karma",t3_ixfjyi,1600773304.0
345,Your pee removes impurities from water in any container and makes the water fit for human consumption.,t3_ix65az,1600741681.0
346,You can do the opposite of what ever your Reddit username is,t3_ix85x9,1600747569.0
347,The only time you can sleep is after sex.,t3_ixgyuq,1600779202.0
348,Every time you jump the height you jump doubles from the previous jump,t3_ixco5o,1600762330.0
349,"Everytime you say what type of doritos you like most, you can change your nose to be a coffee dispenser and vice versa.",t3_ixgnfo,1600777804.0
350,Your genitals sounds like maracas white every motion.,t3_ixcb5y,1600761028.0
351,You are invincible also you will be fully aware of your own breathing for ever.,t3_ixkkul,1600798187.0
352,every time you sneeze there’s a 1% chance that you dont,t3_ixb6q6,1600757060.0
353,"You can visualise all your alternate realities, when you’re at a crossroads in life, at will, the one that makes you the happiest in the future then can’t happen",t3_ix9rp4,1600752392.0
354,"While in a hospital waiting room you'll hear the Doctor Mario title theme from the NES version of the game. Once you get called into the doctor's office the frantic music will play if its for something serious, and the chill music will play if its for anything unurgent.",t3_ix8ezc,1600748318.0
355,you can know whoever read your Reddit post as long as their name starts with the letter I,t3_ix9wm5,1600752816.0
356,"Every time you sneeze, a phone somewhere in the world gets fully charged.",t3_iwwwtr,1600708079.0
357,"Every time you blink, a random person explodes",t3_ix1rnc,1600728277.0
358,You can turn your pimples into skittles,t3_ix6s44,1600743517.0
359,You can turn all stray hairs in the room that you are in into a hairball that gets thrown up by the nearest living creature that can pass it without trouble.,t3_ixenui,1600769772.0
360,You can perform Baby Shark perfectly well in every instrument known,t3_ix4i1r,1600736714.0
361,you have extremely flammable skin,t3_ix8xzk,1600749891.0
362,You can sense disease in people even though cannot articulate it to warn them,t3_ix3of2,1600734302.0
363,By saying pickles in discussion time you can see the imposter in among us,t3_ix44ip,1600735605.0
364,Everything you touch is cake.,t3_ix4fjl,1600736506.0
365,You understand animals talking trash about you.,t3_ix6tl1,1600743635.0
366,You can turn valuable objects into fruit,t3_ix2r1m,1600731394.0
367,You have the power to blink at the speed of light,t3_iwyin2,1600716201.0
368,You can transform your organs into liquid without side effects.,t3_ix0qvb,1600724880.0
369,Ability to bend your own sweat.,t3_iwycuu,1600715452.0
370,Everytime you you jump you can levitate for how long your in the air for.,t3_ixauml,1600755926.0
371,You can make any gun your currently using malfunction/misfire in anyway possible.,t3_ix910c,1600750149.0
372,"You can automatically sense where important objects are when you loose them, like your keys, wallet, or phone, but everytime you do you get a horrible migraine that lasts the whole day (and no you can't control the sense)",t3_ix8vb8,1600749674.0
373,All of your reddit posts are successful on the 21st night of September,t3_ixbexo,1600757864.0
374,You have a keyhole in your chest and abdominals that can be opened to access a pocket dimension about their size. Any vaguely stick-shaped object can open them.,t3_ix0qwe,1600724884.0
375,You can speak all lenguages mixed together.,t3_ixgwgh,1600778896.0
376,You can make people's spoons fall into their soup/sauce,t3_ix6sw8,1600743586.0
377,"Everytime you dont like someone, there is a 50% chance all of your pounds get turned into jelly beans... it has to be pounds, if you dont have any then consider yourself lucky.",t3_ixgqiz,1600778164.0
378,"You constantly feel like you’re busting to piss, though you never actually need to piss",t3_ix7o90,1600746122.0
379,You can sneeze out cum,t3_iwy2th,1600714107.0
380,You can make your blood clot at will,t3_iwyswd,1600717499.0
381,You can turn vegans into cooked steak,t3_ixceex,1600761365.0
382,Every time you take a step you have a 5% chance to shit yourself,t3_iww31l,1600703662.0
383,You can look through Pewdiepie's eyes for 5 minutes.,t3_iwyi0v,1600716124.0
384,You can beat people to make them work better,t3_iwx7gz,1600709687.0
385,"You have the ability to make yourself look muscular, though your strength is very weak.",t3_ix2x47,1600731912.0
386,You can travel through parallel universes and every time you jump a universe your existence from the universe you just left is erased in a way no one will ever believe you.,t3_ix2bi0,1600730034.0
387,"For every dollar you make, the person you hate most gets 5",t3_ix225s,1600729224.0
388,"When you flip a coin,there's a 65.3% chance it'll land heads",t3_iwvh22,1600700605.0
389,Phone text look up spokeo,t3_ixcpzr,1600762519.0
390,You can only turn legos into jelly AFTER stepping on them,t3_ixce2q,1600761327.0
391,You can absorb a teaspoon of water,t3_ix1pg5,1600728078.0
392,"You can go back in time 5 seconds, sadly there’s a 5 second cooldown",t3_iwv8xu,1600699432.0
393,You turn the temperature of anything you look at.,t3_iw50wh,1600594971.0
394,Anyone you hate will forever get the liquid ketchup first,t3_iwtt9j,1600692575.0
395,you can now use 100% of your bodies capability,t3_iww898,1600704399.0
396,When ever you eat pork you turn into a pig,t3_iwre23,1600682626.0
397,You can pukea out small bits of playdoh,t3_ix2aqg,1600729963.0
398,You can turn cows into 3 gallons of milk.,t3_iwpjst,1600675665.0
399,You can move water only a glass full every other hour.,t3_iwrwj9,1600684647.0
400,You can increase the friction of whatever you grab.,t3_iwtq51,1600692190.0
401,"If someone asks you a question while there is food in your mouth, hold music will play until you’ve swallowed.",t3_iwptmd,1600676634.0
402,You can turn shampoo into yogurt.,t3_iwppgq,1600676216.0
403,You can undigest what you eat and eject them through your mouth.,t3_iwsq14,1600687945.0
404,"The louder you yell, the faster your soundwaves travel.",t3_iwtv6b,1600692804.0
405,Every time you need to bake something you turn the oven to the correct temp without knowing it.,t3_iwqx0z,1600680751.0
406,You can paste what you copy online onto physical posters.,t3_iwsrpj,1600688142.0
407,"You can ""throw"" your farts so everyone will think someone else farted instead of you",t3_iwnlin,1600669139.0
408,You slurp the zippers off clothing like spaghetti,t3_iwrdze,1600682618.0
409,Whenever you eat toast you can turn into a toaster for an hour,t3_iwrfuq,1600682815.0
410,You dont need to wipe your ass after you take a shit.,t3_iwkmoi,1600659650.0
411,Each of your fingers have their own consciousness.,t3_iwmq16,1600666321.0
412,"When you orgasm, you cum chloroform for 10 straight minutes.",t3_iwnp7m,1600669464.0
413,"You are able to conveniently take out 20 dollars (coin or dollar bill) of the current country you are in from your pocket(s). You can do this every hour, and the counter only resets when you have already gotten 20 dollars out.",t3_iwlgsr,1600662204.0
414,You're slightly stronger than you look,t3_iwlskg,1600663278.0
415,While it is 38 degrees F you can create napkins and sporks out of thin air.,t3_iwlf4a,1600662063.0
416,"Whenever your heart rate exceeds 100 bpm, boss music starts playing",t3_iwggma,1600646435.0
417,You have immortality except if you die you stay dead,t3_iwmy46,1600667041.0
418,"Your prostate becomes extremely sensitive, so you will feel sensual pleasure whenever you defecate.",t3_iwhk1v,1600649930.0
419,You can make other people not capable of taking off their clothes,t3_iw5p1d,1600597710.0
420,Everytime you touch any type of liquid it turns into literal cum.,t3_iwl1q1,1600660912.0
421,It’s impossible for you to be cancelled about anything related to cats,t3_iwsbck,1600686269.0
422,You can turn gold into copper.,t3_iwkseg,1600660132.0
423,You can enlarge your shit up to 2.5x size,t3_iwi1a5,1600651469.0
424,You have the ability to become invisible to ants and only ants.,t3_iwiwyc,1600654237.0
425,You can make people sneeze by thinking about them,t3_iwka05,1600658573.0
426,Every year on your birthday you become a random age in your life.,t3_iwh3z1,1600648506.0
427,You can summon anything as a downgraded cheap version.,t3_iwkh9u,1600659191.0
428,You can ALLWAYS find the needle in the haystack.,t3_iweacm,1600639006.0
429,You can make irremovable graffitti with your piss,t3_iwct61,1600632954.0
430,"You can make wheelchair entrances disappear, along with anyone currently on them",t3_iwcsje,1600632876.0
431,You can get popcorn kernels out of your teeth with just your tongue.,t3_iwksvt,1600660169.0
432,You have the power to travel forwards in time,t3_iwf8nf,1600642387.0
433,When you hear someone or something you see subtitles in front of you,t3_iwf4zn,1600642045.0
434,You can turn any leaf into a crunchy leaf,t3_iwapsw,1600622428.0
435,"You get an ceiling fan everytime you snap, EVERYTIME!",t3_iwg43v,1600645315.0
436,You hear music backwards if you wear headphones the wrong way,t3_ivp8si,1600535571.0
437,Everything you touch with the palm of your hand gets stuck for 10 minutes,t3_iwejzn,1600639990.0
438,"You command the tides, yet they don't listen.",t3_iwfk4k,1600643471.0
439,you have grease-proof hands while eating and playing video games.,t3_iwb1j6,1600624064.0
440,You can make someone’s face mask become loose,t3_iwg1f7,1600645068.0
441,You can store things in your cheeks like a chipmunk,t3_iwein0,1600639851.0
442,You can summon a grandma to cook for you if your hungry.,t3_iwf9l7,1600642476.0
443,You can turn peoples chocolate chip cookies into raisin cookies,t3_iw9jy1,1600616709.0
444,you can make anyone’s sock slip off into their shoe,t3_iwaxoh,1600623553.0
445,"Every time you blink, a random person loses a brain cell",t3_iwa6dj,1600619753.0
446,"When you look at a globe or a map in a specific spot, the people there get a feeling that someone is watching them",t3_iw5tf1,1600598212.0
447,You can fly when nobody is looking at you,t3_iwb1yb,1600624121.0
448,You have the ability to turn any conversation into a bad Japan dubbed series,t3_iwbha3,1600626271.0
449,"You can detect simps, once you do u must terminate them",t3_iwcv96,1600633221.0
450,You physically can't wear clothes the wrong side around,t3_iw6zbw,1600603346.0
451,red bull actually gives you wings,t3_iwb8bb,1600625019.0
452,You can take the vitamin C from anyone you touch,t3_iwaxns,1600623550.0
453,When you listen to a song the lyrics will appear in front of you in chinese,t3_ivrllp,1600547013.0
454,"You shit gold, but it's in the shape of really sharp thorns.",t3_iwb7ii,1600624916.0
455,On every full moon night you can walk 10% faster vision decreases by 10%,t3_iw8ptw,1600612142.0
456,You can turn an orange into a grapefruit by lightly squeezing it,t3_iw7vwa,1600607607.0
457,"Once a week, you can choose to make any person irrationally angry at you to the point where they try to kill you.",t3_iw13ge,1600579469.0
458,"You are able to perfectly estimate any distance as long as it’s measured in weird units like bananas, overgrown toenails, lipstick tubes, etc.",t3_iw78jx,1600604519.0
459,Your opponents bone also breaks everytime you break a bone in your body,t3_iw8onz,1600611940.0
460,You can control every power in this subreddit,t3_iw9jhd,1600616641.0
461,You can turn invisible only while singing John Lennon’s Imagine.,t3_iw8v12,1600612929.0
462,You get a Wendy's coupon each time you cut off your limb,t3_iw7m66,1600606347.0
463,"Each time you point finger guns at somebody, that person instantly disappears, along with any memory of them or any record, including yours",t3_iw6x77,1600603077.0
464,Every meme you look at gets 10% increased funny and 10% less popular,t3_iw8mvu,1600611661.0
465,"C418 Sweden will play in your head everytime you become nostalgic. The more nostalgic you are, the louder is becomes until it is an earrape.",t3_iw5tbo,1600598199.0
466,"When you throw something and miss your target, you teleport over to the object.",t3_iw5zmt,1600598952.0
467,Condoms become sentient to you and insult you constantly.,t3_iw716e,1600603575.0
468,You won’t ever get speeding tickets as long as you’re driving at least 50 km/h over the posted speed limit,t3_ivyre6,1600571433.0
469,You have bone claws like wolverine,t3_iwahw1,1600621300.0
470,"If you place your hand over a blade, it switches places with the hilt.",t3_iw6e43,1600600713.0
471,"You can tell the amount of US people in a radius of 10 m every time you say ""America"".",t3_iw67oc,1600599925.0
472,You can make people remember you for the stupidest thing you did in front of them.,t3_iw55q6,1600595513.0
473,The quieter it is around you the more you can ear.,t3_iw3bma,1600588150.0
474,Laser eyes that never turn off,t3_iw9f1l,1600615995.0
475,"You can fly, clone yourself, stop time, have no need to sleep, eat or drink",t3_iw2w71,1600586433.0
476,"Whenever you say ""What are you doing, step bro/sis?"" your step sibling suddenly shows up.",t3_iw3j77,1600588962.0
477,"You get a wand that you can use to print the word “Pinhead” on the forehead of anyone not wearing a mask, not enforcing social distancing or pulling down their mask to cough or sneeze",t3_iw6duv,1600600680.0
478,You can break anyone’s bone by breaking your own bone,t3_ivbvy2,1600483271.0
479,You can prove that anyone does not have a superpower.,t3_iw9dw8,1600615833.0
480,"Whenever someone speaks to you in a language you aren't fluent in, subtitles show up on their genitals",t3_ivzznc,1600575538.0
481,If you make someone annoyed someone else in the world has their biggest life saving luck,t3_iw0ina,1600577351.0
482,"If you drink more alcoholic units than your age in a single day, your brain power increases by 0.01%. Replicable daily.",t3_ivq6u3,1600540410.0
483,The ability to summon any sound effect in order to perfectly describe a situation.,t3_ivxfze,1600567246.0
484,Your shadow has a mass of one gram.,t3_iw603q,1600599008.0
485,You can breath under water and you also die when you touch water,t3_ivzz0b,1600575478.0
486,"If you live to 150, remain a virgin and have a child, then you get 1 Reddit coin.",t3_iw4duw,1600592386.0
487,You only dream about nightmares,t3_iw415j,1600590924.0
488,You are able to fall asleep instantly if at least ten other people are sleeping near you.,t3_ivysbf,1600571519.0
489,Any metallic object you touch instantly turns into play dough,t3_ivw22f,1600562841.0
490,"Everytime you get hurt, onions around you start crying",t3_ivthrf,1600554448.0
491,You can talk to sports equipment.,t3_ivx1b2,1600565948.0
492,you can summon an ace attorney-style popup whenever you shout something,t3_ivzmm9,1600574291.0
493,When you kiss someone you immediately start spewing acid out of your mouth,t3_ivxcn7,1600566939.0
494,Whenever you think of a place you immediately know how to get there.,t3_iw1pbo,1600581779.0
495,"You have the constant ability to see exactly where every worm within 10 kilometres of you is, and what they are doing. It’s all you could ever focus on.",t3_iw63sd,1600599464.0
496,"You can resurrect dead people, they can only be murderers, seriel killers and dictators",t3_ivvk0b,1600561222.0
497,Everytime you nod or wave at someone in a car their car accelaterates at 100mph,t3_iw4423,1600591260.0
498,"You are ""Frijombre"", you shoot frijoles from your hands",t3_ivwwul,1600565561.0
499,You can sing I want it that way perfectly only that song,t3_ivx3pe,1600566159.0
500,You can telepathically control dirt,t3_ivtwdy,1600555831.0
501,You can swap bodies with things that can’t mentally fight back.,t3_ivxw47,1600568695.0
502,You can use your mind control powers on every blade of grass in the world,t3_ivq67c,1600540325.0
503,If you're peeing at urinals with no divider you can force your neighbor to make direct eye contact with you,t3_ivw83l,1600563382.0
504,You can perfectly flip a light switch to balance in the middle every time.,t3_ivw7ou,1600563345.0
505,You Have The Ability To Turn Into A Rock Permanently,t3_ivpm91,1600537467.0
506,"Once a day at random, you can telepathically communicate with the nearest plant.",t3_ivp1bw,1600534513.0
507,You can stop time or skip time,t3_iw434u,1600591150.0
508,You can resize any part of your body to any size very slowly. The cooldown is 1 day and you can resize it at any time of day until 12:30 AM.,t3_ivulcz,1600558099.0
509,You're able to tell if someone is a liar by licking their cheek,t3_ivkvzt,1600514784.0
510,You can only type on a stenotype,t3_iw6e6f,1600600722.0
511,You can cut your own skin with fallen leafs,t3_iw67ed,1600599895.0
512,"You can see a number with exact measurements, in a number system of choice, over everyone's heads, of a shit they taken exactly 8 years ago",t3_ivuty5,1600558863.0
513,"Everytime you say ""This day can't be worse"" bird poop will somehow fall in your mouth.",t3_ivwauu,1600563632.0
514,You can stiffen paper.,t3_ivrpjl,1600547483.0
515,Everything you push becomes smaller the longer you do so.,t3_ivrpis,1600547481.0
516,You can make songs get stuck in peoples head,t3_iv415b,1600455989.0
517,An very irish superpower,t3_ivz88i,1600572977.0
518,You can take a random person's on Earth shit for them,t3_ivuukg,1600558915.0
519,You can control the psi of your ejaculations,t3_ivoaf5,1600530527.0
520,Everyone can hear your thoughts,t3_ivtfgd,1600554223.0
521,"When you anything smaller than your hand, it will bounce like it is made of rubber.",t3_ivvmvg,1600561483.0
522,Any alcoholic beverage you come in contact with turns into water,t3_ivmqf6,1600522799.0
523,You cannot see people or moving objects in reflections.,t3_ivserm,1600550381.0
524,You can piss backwards,t3_ivng08,1600526226.0
525,You can give people second aid.,t3_ivfrpa,1600495799.0
526,You can change a redditors name to [deleted],t3_iv44g5,1600456458.0
527,"Every time you think something like “I wish this would happen”, reality splits into two timelines, one where it does happen, one where it doesn’t, and your conscience remains on the timeline where nothing happened",t3_iviuwu,1600506908.0
528,You can slow down time at the DMV,t3_ivky4o,1600515035.0
529,You can make other people's buttcracks horizontal instead of vertical,t3_ivjzjy,1600511149.0
530,When you brush/comb your hair it doesn't hurt,t3_ivx0xn,1600565915.0
531,Have a healing factor that heals any wound 0.15% faster,t3_ivek7h,1600491877.0
532,You have the Ability to skip time when you are sleeping,t3_ivmejw,1600521308.0
533,ɹǝɓuɐp ǝʇɐᴉpǝɯɯᴉ uᴉ ǝๅᴉɥʍ uɐᴉๅɐɹʇsnɐ uᴉ ǝdʎʇ uɐɔ noʎ,t3_iur5uv,1600401662.0
534,You can shoot your teeth out of your mouth like a gun,t3_iv71ge,1600467933.0
535,"You’re immortal, only when you are orgasming though.",t3_ivo1q8,1600529286.0
536,You can make people you don’t like have nightmares about you,t3_ivkiyt,1600513341.0
537,Hotdog burp,t3_ivlk8p,1600517622.0
538,You can pee faster by physically widening your urethra with your mind,t3_ivjhyu,1600509270.0
539,You can steal other people's toes- transferring their toes directly onto your own feet,t3_ivhupg,1600503051.0
540,Everytime you sneeze the person closest to you does a backflip,t3_iv7gvv,1600469337.0
541,You can absorb and use other people's superpowers,t3_iv9yko,1600477212.0
542,"You can kill a whole species at will, and a random atomic bomb will explode.",t3_ivsi5e,1600550744.0
543,Whenever you get hit in the balls all men around you feel it as well.,t3_ivjolg,1600509956.0
544,You can change the name of this subreddit into r/shittysuperpowers and no one will remember what it was originally called,t3_ivcdtv,1600484883.0
545,You can go invisible only while no one is looking or can see you,t3_ivirkb,1600506536.0
546,Raising your hand as you would to request something..,t3_ivjvph,1600510724.0
547,Whenever you say “Is it possible to learn this power” you immediately learn it,t3_ivgaw0,1600497565.0
548,"Whenever you would fail a coin toss, you can instead gain ten pounds to have it succeed instead.",t3_ivm2iz,1600519856.0
549,"You can make anyone hum ""never gonna give you up""",t3_iv41bz,1600456016.0
550,"If you’re wearing a button up shirt, unbutton the middle button and reach inside, a time portal opens and you can touch your past self.",t3_iv4qmp,1600459328.0
551,You can speak in tongues.,t3_ivhnvk,1600502370.0
552,You can tie your shoes while running,t3_ivbly1,1600482389.0
553,You are gifted constant post-nut clarity.,t3_ivd1nv,1600486946.0
554,You can perfectly memorize the lyrics of any song you hate,t3_ivn966,1600525291.0
555,You can make anyone's game crash before they save it,t3_iv93rs,1600474556.0
556,You can control your crush's mind by crushing yourself in a trash compactor,t3_ivaf2g,1600478610.0
557,Your fart sounds like your lastly heard musical instrument.,t3_ivjt7l,1600510447.0
558,Anytime you sneeze a soft voice whispers ‘Bless you into your ear’ no matter where you are,t3_iv5gn9,1600462213.0
559,"When you're nervous, you see everyone around you bald",t3_ivkmwk,1600513775.0
560,You can turn traffic lights to red with your mind.,t3_ivhrjz,1600502734.0
561,You can tell if a gun is empty or jammed only after it fires,t3_ivir8j,1600506499.0
562,You can prevent yourself from immediately having to have to use the restroom after drinking a cup of coffee,t3_iv5q4s,1600463187.0
563,You can point to any location on a globe only when your eyes are closed,t3_ivjo1a,1600509897.0
564,You can sumion any thing or substance in a general location. The Catch is it can be ANY THING OR SUSTANCE and you have no idea what will appear or how much.,t3_ivj119,1600507553.0
565,You can see where other people are looking via 2 red lasers coming out of their eyes.,t3_ivc9bs,1600484475.0
566,"You can see what your dog is barking at, even from a few miles away.",t3_iv6w7k,1600467427.0
567,Eating an m&amp;m changes the colour of your piss into the colour of m&amp;m,t3_iv7j9j,1600469560.0
568,You can make people drop things except it only works on alternating tuesdays,t3_ivcpze,1600485953.0
569,You’re amazing at video games that you hate.,t3_iv6mfm,1600466519.0
570,You can speed up or slow down time,t3_iv912v,1600474313.0
571,You can synchronize with someone and manipulate him/her if you have to be naked and say I’m gay first.,t3_ivj9mw,1600508439.0
572,You have night vision...,t3_ivc3lc,1600483932.0
573,"You can make people get the urge to watch ""never gonna give you up"" volunteerily and in this way you can Rick roll people in real life.",t3_iv42il,1600456174.0
574,Whenever you flip someone off it’s censored in real life,t3_ivcpk7,1600485912.0
575,You excrete a random object from any orifice of your body every day.,t3_ivipnv,1600506327.0
576,"You can see through things once a day, during 12 seconds and after use your power you can't see nothing for 6 hours",t3_iv4111,1600455975.0
577,Your gaming skills are highly enhanced when playing mobile games.,t3_ivahcp,1600478815.0
578,You know exactly when a video game is going to be released/launched and get it 2 months early when pre-ordered.,t3_ivel2n,1600491956.0
579,You can make your knuckles bleed whenever you punch a hard object,t3_ivc3c0,1600483909.0
580,You speak Spanish when you're happy,t3_iv3d3r,1600452583.0
581,You can instantly cover you hands in raw chicken juice to wipe on your enemies,t3_iv706p,1600467803.0
582,You have the ability to bend kitchenware when you sneeze,t3_iva6cw,1600477845.0
583,"Projectiles and melee attacks will pause briefly right before they hit you, before continuing at their original velocity.",t3_iv4adp,1600457277.0
584,You can barf lava if you think about a freaky-looking scarecrow 10 minutes beforehand,t3_iv3ugr,1600455090.0
585,You can make your genitals sparkle by flashing people,t3_ivgdv7,1600497851.0
586,Every time you shit in a toilet the creator of the toilet can smell it,t3_iv5x54,1600463931.0
587,Your nerves can transmit signals to nearby people instead of yourself.,t3_iv11ls,1600439947.0
588,Your password is always expectable not matter the length or lack of symbols,t3_iv4u8k,1600459755.0
589,When you kill yourself you become invisible,t3_iv25vm,1600446022.0
590,You can make anyone who is sorting by new upvote your post,t3_iv435l,1600456269.0
591,Your teeth can bite clean through anything with ease,t3_iv05zr,1600435649.0
592,You can take any item from a video game,t3_iud03u,1600348492.0
593,You can hear animals insult you,t3_iv358j,1600451381.0
594,your hands have turned to sponge and you can suck whole lakes at a time. when you drain the sponge your hand break and you either have to suffer a hand break every few months or just have insanely wet hands all day,t3_iv8mwl,1600473107.0
595,"You have the ability to speak any language on earth, given you hate the people who speak it.",t3_iv57wo,1600461278.0
596,You have the power to turn any piece of paper in your field of vision into a shitty paper airplane that always nosedives.,t3_iv2f4y,1600447387.0
597,"Your blood can shift through the solid, liquid and gaseous states.",t3_iv4a55,1600457243.0
598,You know who made a number 2 in a bathroom by the smell,t3_iv5j86,1600462476.0
599,you can turn your teeth into chewing gum,t3_iv63e2,1600464587.0
600,"U are very good at shooting with a gun, This only works when you point the gun at yourself.",t3_iv07h0,1600435860.0
601,"You have the power to instantly change porn to a YouTube video whenever somebody walks in on you jerking off. Unfortunately, there is an error which gives the 10% chance of switching to hardcore midget porn.",t3_iuxwam,1600425701.0
602,You can convince anyone anything as long as you can get them to say poggers. The effect wears off after every use. It doesn't count if they say poggers without you telling them to/tricking them into saying it. Only works on one person at a time.,t3_iv2jqx,1600448074.0
603,You can print fake money with your fingers,t3_iv1lnt,1600442853.0
604,You have the ability to read minds for brief periods of time. This superpower is activated like a spore and appears in the form of cystic facial and body acne.,t3_iv26eo,1600446096.0
605,"You can move twice as fast, with half the energy..",t3_iv1ogz,1600443283.0
606,"You can let animals eat you and shit you out. After you’re out, you can become whole and repeat the process.",t3_iv0iin,1600437377.0
607,You can see a counter that says the number of words you have said in your life till now.,t3_iv0w5i,1600439203.0
608,You can make girls in your area have crush on you best friend,t3_iuzq8w,1600433578.0
609,"When you pee, you pee all of it. You never have that post-piss dripping anymore.",t3_iupnzi,1600397091.0
610,You can see 1 second of future,t3_iv0ef3,1600436819.0
611,You can peel off online advertisements from the screen.,t3_iuzdsz,1600431980.0
612,You can turn invisible if you cover yourself in vinegar,t3_iuvbqt,1600415677.0
613,You stop time every second your eyes are closed.,t3_iuw751,1600419085.0
614,You can redirect all piss streams at will,t3_iuxt5x,1600425343.0
615,You can play any national anthem at any time,t3_iut7ur,1600408134.0
616,Whenever you close your eyes you cant hear.,t3_iuo28z,1600392275.0
617,"You can turn any book that contains the word ""famine"" into a potato",t3_iuotav,1600394519.0
618,"When in serious danger, you can land a bottle flip perfectly every time!",t3_iuuyr6,1600414360.0
619,All of your vital organs are bulletproof. And they all weigh an extra 5lbs each.,t3_iuodmf,1600393200.0
620,If you tell I AM THE HULK in a area with more than 150 people in a 1 square kilometer area you gain gain the power of the hulk for 10 seconds,t3_iuvjcg,1600416494.0
621,"you can piss out of your fingers, if you pose it as a fingergun",t3_iuvdei,1600415855.0
622,.sdrawkcab daer nac uoY,t3_iuv4qf,1600414979.0
623,You can cause mass brain hemorrhages in a 10 foot radius around yourself,t3_iuv3ym,1600414901.0
624,"You can listen to exactly what your dog is thinking, though he/she thinks in barks.",t3_iukx3d,1600382904.0
625,You can make yams intelligent.,t3_iutpiz,1600409826.0
626,"Whenever you show anyone a picture, the disembodied voice of nickleback will sing ""look at this photograph""",t3_iur52f,1600401599.0
627,You can turn water into non-alcoholic wine,t3_iusrgp,1600406651.0
628,You can aim your fingernail clippings with 85% accuracy,t3_iuts1x,1600410074.0
629,You can get blood from a stone.,t3_iuu8vn,1600411734.0
630,Your pee is made of cum and your cum is made of pee,t3_iumvxy,1600388850.0
631,Your waifu becomes real once you get a girlfriend,t3_iutf4v,1600408816.0
632,Everytime you pop something it'll sound like bubble wrap.,t3_iuuelf,1600412299.0
633,"Every time you say ""I'm not that dramatic"", a glitter bomb explodes above you",t3_itvj6s,1600291860.0
634,You know exactly how the world works,t3_iuxgsz,1600423968.0
635,You have eyes at the back of your head. ONLY THE BACK OF YOUR HEAD.,t3_iumc55,1600387232.0
636,You can shoot skim milk out of your right nipple at 60 psi on command,t3_iuoaar,1600392926.0
637,Grass moves out of the way when you walk.,t3_iuqj7t,1600399721.0
638,Your items drop when you die.,t3_iuj6qd,1600377198.0
639,You can turn invisible yet you can’t become visible again,t3_iut03j,1600407419.0
640,You can slap people through the internet,t3_iuns18,1600391444.0
641,Blood tastes like water.,t3_iuqqza,1600400398.0
642,You can remember the value of pi upto 50 digits randomly and not in order.,t3_iufn6e,1600361255.0
643,Your driving skills are significantly increased when u drive a car with its engine turned off.,t3_iumide,1600387728.0
644,"When You close your eyes you can still see, tho everything is blurry, and in black and white.",t3_iulj9u,1600384800.0
645,You can drink your sweat. That's it,t3_iuqbr3,1600399078.0
646,"When you see the number 69, the smash brothers announcer voice will say nice.",t3_iuhjrg,1600370676.0
647,You can clean anything you touch,t3_iunu5l,1600391611.0
648,You can command my pet crab by sending a string of emojis under this post,t3_iuofu5,1600393367.0
649,"Whenever you get stressed, bubbles start coming out of your ears",t3_iuj5r2,1600377103.0
650,You can transform any normal food into its canned varient and vice versa.,t3_iumoc3,1600388213.0
651,"You have the power to dry the swampiest of asses, butt never have a dry ass of your own.",t3_iulrpv,1600385523.0
652,"If you run out of toilet paper when you're home alone, you can teleport a roll in to the room next door to the toilet",t3_iug4dn,1600363739.0
653,Making airplane noises lets you hover off the ground 15cm,t3_iubxpu,1600344056.0
654,You can play anything like a piano.,t3_iuluuq,1600385781.0
655,"Whenever you focus on a conversation, you get amnesia. Amnesia goes away when not focused on a conversation.",t3_ium8hf,1600386935.0
656,You Can Have Rabid Animals Bite Karens on Command,t3_iugzke,1600368043.0
657,You now can partially command rodents,t3_iudy5j,1600352897.0
658,"Every time you laugh, you immediately step in shit..",t3_iulp3f,1600385297.0
659,"Whenever you watch porn, your screen and selfie camera gets shared to all the women that you love cell phone or computer.",t3_iuouxl,1600394656.0
660,The smell of farts makes you horny,t3_iumul9,1600388735.0
661,You can change the color of your undershirt at will.,t3_iumh1d,1600387611.0
662,Bass boosted windows xp sound plays every time you say something stupid,t3_iufmkk,1600361162.0
663,You can tell the flavour of crisps just by looking at them,t3_iuhcua,1600369787.0
664,Your cum becomes blue when you're cheating on your partner.,t3_iug3mm,1600363630.0
665,You can make a random paper sticky by licking a rabbit.,t3_iuga6b,1600364531.0
666,"While watching porn, everytime you're about to jizz the guys face pops right up",t3_iufkr4,1600360893.0
667,When you enter a room you can use a powerpoint animation that transports you through the door,t3_iu8wsv,1600332815.0
668,You can turn into the lord of the flies and have flies worship you.,t3_iukjau,1600381678.0
669,Your boner can point to the the nearest serial killer or muscle lady,t3_iudwh7,1600352652.0
670,"By opening a door, you can open a portal to a random location in Kalmanstunga, Iceland.",t3_iucoxi,1600347154.0
671,You can like pictures on instagram with thought everytime you want,t3_iulvj8,1600385840.0
672,Porn Music Starts whenever take off any piece of clothing,t3_iuelbr,1600355991.0
673,"Every time you finish something,there is someone behind.",t3_iui2o1,1600372962.0
674,You will automatically say “I HAVE BONER” whenever someone passes,t3_iuhwce,1600372225.0
675,You can turn into pigeon poop that always misses that car or person by one inch (25.4 mm),t3_iukklk,1600381791.0
676,"If you think about dying, you die and make a perfect clone of yourself next to your dead body, and live on in the new body.",t3_iugd3t,1600364955.0
677,You ability is anti-Anatidaephobia.,t3_iuajrp,1600338785.0
678,You can boost all your stats 3x the normal,t3_iug68f,1600363990.0
679,"For every time you cough on your hand, anything you touch becomes bright neon pink.",t3_iubqeu,1600343265.0
680,You have the reflexes of a flie only when you are reading a book.,t3_iuk28h,1600380153.0
681,"When you point at a direction, the closest and smallest object in that direction will move aside.",t3_iufhj3,1600360414.0
682,"You can rename this sub to ""shittysuperpowers"" without anyone remembering it's former name",t3_iu4eqs,1600318239.0
683,"People fart when they’re around you and you can control the intensity and volume of said farts. ex. Lvl 1 - little poot, Lvl 100 - fart their soul out",t3_itjn1g,1600239331.0
684,You now trigger claustrophobia in people closer than 6 feet from you,t3_iudvoa,1600352544.0
685,You can make an eyelash get stuck in you eye whenever you want,t3_iudtls,1600352251.0
686,You can grow Shrek ears that immediately fall off and decompose.,t3_iucrx3,1600347513.0
687,You now can throw your voice,t3_iudqsg,1600351860.0
688,"When you say ""lunchables"" two big grown men will pick you up and take you home",t3_iu55yl,1600320386.0
689,"You can give everyone synesthesia and mix up everyone's motor functions of everyone in a 100 kilometre radius, including yourself.",t3_iug7fr,1600364157.0
690,Shitty Rules [Read before posting],t3_es5n7i,1579690068.0
691,"Any water gun you shoot fires actual bullets, while any real gun shoots water.",t3_izzgfn,1601124038.0
692,You now have the ability to make babies cry or shit on command.,t3_j00mg1,1601129026.0
693,You can make someone pee for you when you feel like peeing.,t3_j00192,1601126452.0
694,You can predict the end of a movie though it takes as long as the movie itself to to that,t3_iztyol,1601103050.0
695,You can tell if a person is romantically interested in you but only after you shit your pants in front of them,t3_izw0q5,1601110629.0
696,You can lift your balls with YOUR MIND!,t3_iz7qv3,1601016723.0
697,"For every full bottle of dried oregano you eat, you can shoot fully cooked spaghetti out of your fingertips for up to an hour",t3_izqrsy,1601092755.0
698,"When you wake up from a dream, you wake up in the exact same location as the one in the setting of your dream.",t3_izxcsa,1601115781.0
699,you are now Florida man,t3_izzzqi,1601126260.0
700,you have wings that are controlled by your boner,t3_j0179j,1601131774.0
701,You can make people forget that you have this superpower.,t3_izr290,1601093647.0
702,You can turn yourself inside out,t3_j003ip,1601126720.0
703,The ability to stare directly at the sun without blinking.,t3_j001j6,1601126483.0
704,You can add a second to your lifespan by wearing a robe for a year.,t3_izx9ah,1601115384.0
705,You can switch places of your legs.,t3_izx33v,1601114726.0
706,"When you’re happy and you know it, you make other people clap their hands",t3_j02f42,1601137850.0
707,Your vision is constantly zoomed in,t3_izw0gp,1601110602.0
708,Everytime you break a bone you get a five dollar discount on every store you go,t3_izwbpw,1601111792.0
709,"Your farts smell like perfume, except that you need to be naked while farting.",t3_izxkk5,1601116612.0
710,You can time travel. To do so you must shit your pants and you can only travel to a point in the past that you also shit your pants.,t3_izwv5g,1601113896.0
711,Any sentence you post in r/Shower thoughts will instantly become so complicated that people can only assume it's something vaguely like an actual shower thought,t3_izyqo9,1601121177.0
712,To make your belly button actually talk,t3_izv3af,1601107156.0
713,You can roll up the skin on your arms like sleeves,t3_iz2952,1600999222.0
714,You can permanently disguise as someone by sneezing on them,t3_izxreq,1601117360.0
715,"You can now talk to plants, keep in mind the plants won’t talk back",t3_izvhbd,1601108574.0
716,you can tie shoes really fast,t3_izxbfk,1601115628.0
717,your spit can be used as a weak detergent,t3_izxayj,1601115573.0
718,You now can swap heads with a fly,t3_izsgpo,1601098137.0
719,You are what you eat.,t3_izrmfn,1601095421.0
720,You can vomit on command,t3_izp43j,1601087704.0
721,You have the power to feel the pain that the ground feel When u step in it,t3_izwvit,1601113936.0
722,Your urine turns things gold,t3_izsk4q,1601098451.0
723,You can teleport anyone anywhere with a rotten dish of their favorite food,t3_izvomk,1601109343.0
724,You can change your ethnicity by the types of foods you eat,t3_j00y5c,1601130533.0
725,Any cavemen near you will automatically die.,t3_izo3ko,1601084559.0
726,You can summon a thick sphere of seran wrap around a racist's head at will.,t3_izuph1,1601105727.0
727,You age five years each time you talk in Old English,t3_izximc,1601116398.0
728,You know every answer to every test when you moan really loud,t3_izgww4,1601057523.0
729,You can prevent rain from happening when going out carrying an umbrella,t3_izv8um,1601107713.0
730,You can make people use the metric system,t3_izldjf,1601076013.0
731,You can out-obvious Captain Obvious. Obviously.,t3_j00dx3,1601127978.0
732,You can turn off friction for yourself at will,t3_izu29n,1601103394.0
733,You can make others hear food screem when you consume it,t3_izseov,1601097947.0
734,You can turn into a bush,t3_izh2b5,1601058411.0
735,You can be invisible only when you masturbate,t3_iztm2t,1601101868.0
736,"Every time someone tries to read your mind, your thoughts instantly switch to oppa gangnam style",t3_iz7two,1601017027.0
737,You can telepathically Rick Roll,t3_izrzms,1601096588.0
738,Everything you eat taste like choco-mint.,t3_j02klg,1601138624.0
739,You always know why a helicopter is flying overhead,t3_izly80,1601077862.0
740,You now can talk to plants,t3_izsi1x,1601098258.0
741,Your foreskin comes all the way back &amp; you can take your entire skin off.,t3_izhvh3,1601062707.0
742,You can turn dead frogs to stone,t3_izj0t4,1601067759.0
743,"If more than 50 percent of your fart enters a persons lungs, they fall in love with you on the spot.",t3_izt5oe,1601100390.0
744,You can piss ants which will proceed to march to the nearest chicken and swarm it,t3_izss27,1601099175.0
745,You have the power to read your own mind!,t3_iznbeq,1601082143.0
746,You can know who the imposter/s is/are in Among Us.,t3_iztiys,1601101582.0
747,"Every time u click ur mouse button, you earn 0.001$.",t3_izp4yn,1601087773.0
748,Spiderwebs will glow so you can see them 7 inches away from you,t3_izuj3m,1601105081.0
749,You can speak any language.. butt every sentence you speak has to end with that language’s translation of “no homo.”,t3_izqc16,1601091403.0
750,"You can point at someone and make their skin any color you want, or make it see-through so their insides are showing.",t3_izu412,1601103574.0
751,"By kissing someone on the lips, you can pop a dollar out of your ass",t3_izl13t,1601074911.0
752,Having the ability to smell an erection within 27 yards,t3_izsjjv,1601098394.0
753,You know the name of anyone you touch,t3_j00r5j,1601129618.0
754,You can lure the closest ambulance when you shit your pants.,t3_izh7fn,1601059206.0
755,You can make any towel of your choice wet with the snap of your fingers.,t3_izs2r2,1601096864.0
756,You can read peoples minds when they think negatively of you,t3_j00fyt,1601128225.0
757,"You can instantly grow any plant, and as soon as it comes into contact with semen, it explodes and leaves behind a turtle, which will die after 4 seconds",t3_j00bzc,1601127743.0
758,Everytime you close your eyes you cant see.,t3_izuqd2,1601105818.0
759,You can think of all the puns you could make in a conversation,t3_j003ef,1601126708.0
760,Your butthole works like a Chinese finger trap.,t3_izrj9f,1601095129.0
761,"Every time you blink, a random person in your country poops",t3_izsq6j,1601099004.0
762,You can speak every language and don’t understand what you or others are thinking/saying,t3_izsmux,1601098693.0
763,You body will turn to dried leaves when you die.,t3_izr93r,1601094254.0
764,You can become invisible when you have more than 100 living spiders on your skin,t3_izorq3,1601086642.0
765,"When eating food that you dip into a condiment, you always finish both with no leftover.",t3_izofzy,1601085635.0
766,You can hit your head on a wall 4 times before it starts hurting.,t3_izm3s6,1601078353.0
767,You can instantly infer context from any quote or reference made within your hearing.,t3_izpf9w,1601088636.0
768,You can summon the band Smash Mouth to any viable location for a pop-up concert!,t3_izgbd2,1601054039.0
769,"You’ll be super smart at math though you’ll be incompatible to read, talk and write when u use the ability",t3_iznnkb,1601083182.0
770,You can find anything that you can see.,t3_izxxfy,1601118046.0
771,All your pets have 9 lives,t3_izrmv9,1601095457.0
772,You always get a 1% discount on all the rugs you buy,t3_izrjtj,1601095181.0
773,You can stop sand from getting between your toes if you complain about it,t3_izoa7h,1601085127.0
774,Playing the flute like a snake charmer will make any ants in the surrounding area slightly dizzy.,t3_izoa6t,1601085126.0
775,You can walk through closed doors only if they’re also unlocked,t3_izn3n0,1601081475.0
776,Stepping into sunlight sets a random thing on fire,t3_izphzh,1601088865.0
777,You can make yourself 10% more likely to be struck by lightning.,t3_iz8nlj,1601020043.0
778,You can eat 100 year old eggs without getting sick and you actually like them,t3_izpeup,1601088601.0
779,You can delete other peoples comments.,t3_izlxk2,1601077800.0
780,You can puke blood at your will.,t3_izexyn,1601046289.0
781,"Whenever you're horny, you can summon any character, fictional or not, and it will always have an appearance that'll turn you off.",t3_izl3qo,1601075131.0
782,You run 10% faster while you're masturbating.,t3_izezhq,1601046528.0
783,"You can go 60 seconds into the past, by swinging all the way round on a swing set.",t3_izf8z3,1601047981.0
784,You can lift one pound more than the weakest person in the room.,t3_iznifz,1601082731.0
785,"You can see in the dark, only if you close your eyes",t3_izdquc,1601040276.0
786,You can throw your eyelashes like boomerangs,t3_izfc41,1601048440.0
787,You become bulletproof after you get shot,t3_izmep7,1601079310.0
788,You can make your feet shrink.,t3_izm7zp,1601078713.0
789,You can walk through walls and your cloths cannot.,t3_izf0gf,1601046675.0
790,"You see, hear, etc. 2 seconds in the future. You can't see the ""now"" while this ability is active.",t3_izltnu,1601077440.0
791,You can see throught mask,t3_izjupn,1601070935.0
792,You can instantly change all of the m&amp;ms in any bag of trail mix to skittles.,t3_iz8kud,1601019758.0
793,You can make people believe you're a meth-addicted street beggar anytime you want.,t3_izl18v,1601074923.0
794,You can teleport your toenail clippings,t3_izk6nr,1601072105.0
795,There is a 50% chance you get an erection if the teacher asks you to stand up,t3_izk6gk,1601072085.0
796,"For every giant glass of milk you drink, your bones are indestructible for 1 hour. For every galloon of milk you can grow 1 bone wherever you want.",t3_iz8qjt,1601020342.0
797,You are an earthbender though everyone else is a avatar,t3_izjmpe,1601070131.0
798,Can't do title BC not creative,t3_izgo96,1601056138.0
799,The sound of your sneeze is replaced by a loud and long moan.,t3_izeypa,1601046401.0
800,You can command dragons. Too bad there are no dragons in your lifetime.,t3_izey2i,1601046307.0
801,Each time you punch someone,t3_izb2ho,1601029078.0
802,You can tell if someone is lying if they tell you so,t3_izp7qc,1601088006.0
803,In a similar fashion to Avatar The Last Airbender you too are now a bender... of pubes,t3_iz9lu1,1601023514.0
804,"People will never reply to your texts with a ""hmmm"".",t3_izezxi,1601046595.0
805,"As long as you're completely naked and not touching any part of yourself, you're invulnerable.",t3_izg8o4,1601053604.0
806,You can take your nose off to pick it.,t3_izfmkv,1601050035.0
807,You are just as invisible as you feel you are.,t3_izekzj,1601044391.0
808,"You have a paralyzing fear of water, and every time you think about swimming and feel that fear everyone within 5 miles screams and slaps themselves.",t3_izgmki,1601055875.0
809,You can explain to people why Epstein didn't kill himself.,t3_iz18ku,1600996080.0
810,"Every time you think in of a number, someone randomly around the world will have his finger grown that size",t3_izhfz5,1601060532.0
811,You can gain or lose weight by willing non-lethal constipation or diarrhea upon yourself for as long as necessary to get the job done.,t3_izcjd5,1601034993.0
812,Time only moves when looking at a clock.,t3_izbfzr,1601030521.0
813,"You can teleport, but only to the location of the nearest Juggalo",t3_izirxk,1601066746.0
814,You have x-ray vision,t3_izewjl,1601046081.0
815,"When you masturbate in a room with closed doors, anyone who wants to open any door must solve a reCAPTCHA. Effect voided when you orgasm.",t3_iyze68,1600990288.0
816,"Whenever you dab, a random person farts.",t3_izen3c,1601044687.0
817,"You can never lose your nerf darts, ever",t3_izcbu4,1601034103.0
818,You can teleport short distance only when people eyes are closed,t3_izg4pq,1601052946.0
819,You know what Time is it in random Country Just by taking a shit,t3_izen56,1601044693.0
820,Anything you touch becomes the last thing you touched.,t3_izbiov,1601030827.0
821,Your hair is spaghetti,t3_izargl,1601027924.0
822,You can summon crayons by pulling them out of other people's pockets,t3_iz2kh3,1601000163.0
823,"Every time your heart beats someone random in the world becomes 1% shorter, this can incude you.",t3_izbc0d,1601030097.0
824,All your limbs have foreskin,t3_izeuiu,1601045778.0
825,every time you fart on Tuesday at 4:30 pm someone you hate gets a bowl of cold pasta,t3_iz12tw,1600995556.0
826,You are granted the power of invisibility and you need to do a triple backflip to activate it,t3_iz189o,1600996051.0
827,You can give yourself temporarily deafening tinnitus to tune out other loud or annoying noises,t3_ize79z,1601042489.0
828,If a type of porn dose not exist you can make it exist by doing that type of new porn with a person.,t3_izbkrg,1601031056.0
829,"You can slow down time 90% for you at will, so you move and think ten times as fast",t3_iz9449,1601021672.0
830,You can desychronize all clocks in a 1 kilometer radius at will.,t3_izci53,1601034841.0
831,You can sprint full speed while carrying a hot drink and not spill a drop.,t3_iyw33f,1600978408.0
832,You can lick your elbow,t3_iz6f1u,1601012230.0
833,You can only eat what your reddit username is.,t3_izbt21,1601031974.0
834,Your mutant evolution has given you the proper anatomy to posses a functional cloaca.,t3_izen2c,1601044684.0
835,"You can freely move any object 2 solar masses or larger at speeds up to .99c, so long as you are within 10au of said object.",t3_izbfyz,1601030518.0
836,"Everytime you pee in bed, someone else's bed gets wet.",t3_iz15dp,1600995787.0
837,Magical van of stuff and things,t3_izbuya,1601032185.0
838,You can slow down any elevator that you are inside,t3_iy9m5e,1600894814.0
839,Everytime you come across a good and funny meme you are granted a dolar and you have to pay 50 cents for every meme you see,t3_iz19w2,1600996189.0
840,Your power is you're invisable only at the skin layer,t3_iz8cll,1601018900.0
841,You can eat plain nacho cheese Doritos vertically in one bite.,t3_iz1emi,1600996605.0
842,You can walk on water only when you are walking backwards,t3_iyypy7,1600988046.0
843,You can look at yourself in the mirror while wiping your butt without feeling ashamed about yourself.,t3_iyyg4z,1600987119.0
844,You can make disappear the last word of any,t3_iz3aow,1601002361.0
845,Every single ass hair you have can move and has its own will.,t3_iz7azi,1601015158.0
846,You have super-hightened sense of smell with a bad memory of what the smell is of,t3_iz0v17,1600994888.0
847,"You can only laugh at the worse possible times, and your laugh is a really bad cliche evil laugh.",t3_iyz88e,1600989745.0
848,Everytime you smell something familiar thr urge to take a shit increases by 20%,t3_iz12tr,1600995556.0
849,You have an amazing voice. Any person who hears your voice for the first time stops whatever he/she was doing and appreciates it for 10 whole minutes.,t3_iz2kbo,1601000149.0
850,"When you hug someone, they get a cool superpower.",t3_iyub9z,1600970114.0
851,"You are able to make 1 wish every time you kill someone. You cannot wish them back to life, and you cannot wish for more wishes.",t3_iyzh22,1600990535.0
852,"You Can Run At The Speed Of Light for 0.1 Seconds, And You Can Only Do It Once",t3_iz11me,1600995451.0
853,"Everytime you kiss a certain person, you swear you can fly",t3_izd6aj,1601037693.0
854,Your tears taste sweet instead of salty,t3_iyx7jg,1600982729.0
855,You can cure yourself from all diseases by eating a full bar of soap,t3_iyx6m1,1600982629.0
856,You can pay for microtransactions with Cash by inserting it some how into your gaming console or pc,t3_iyvqjt,1600977016.0
857,You can choose what colour your eyes are,t3_iyurp1,1600972431.0
858,"When you hold your breath, you become weightless.",t3_iyt4is,1600963637.0
859,When you have your pants on your dick is massive except when you take them off it instantly becomes tiny,t3_iyzv5a,1600991794.0
860,Everytime you sneeze your eyelashes change with the ones of a random person,t3_iyunlc,1600971858.0
861,"Whenever you touch someone, you will be able to decide whether or not the soap will be foamy when the next time they take a shower.",t3_iyvm5e,1600976467.0
862,"You can read the first chapter of a book by looking at its cover, online or otherwise.",t3_iyuupf,1600972848.0
863,You have the power to forget your cake day,t3_iyy1my,1600985723.0
864,You can squeeze out hairs like popping pimples,t3_iyx3kt,1600982302.0
865,You can shift the location of your wounds.,t3_iyt4k8,1600963642.0
866,Your eyes are made of bacon,t3_iys0kj,1600957831.0
867,You can teleport at will,t3_iysje1,1600960588.0
868,Red Bull with extra steps,t3_iyuq6h,1600972219.0
869,you can give people explosive diarrhea by winking at them witch both eyes at the same time,t3_iyt202,1600963279.0
870,"You have the ability to switch context immediately with the person you are conversing with, avoiding to reiterate the backstory.",t3_iyviwn,1600976078.0
871,You cannot be accidentally hurt.,t3_iyt4jg,1600963639.0
872,When you smile everyone smiles back at you.,t3_iyr39x,1600953486.0
873,You can get that one hair off your tongue on the first try,t3_iyq4zu,1600949463.0
874,Between 3-4 pm you can immediately summon any famous person literally by your side. They really like you for 10 minutes then after that they try and kill you. At 4 pm they get sent back.,t3_iyqa4b,1600950043.0
875,While both of your hands are touching your face you can see perfectly in the dark,t3_iyns8m,1600940767.0
876,"You have the ability to be invincible if your standing still, just have a really bad itch in a spot you can’t reach.",t3_iyoo5z,1600943930.0
877,Every time you strike a pose anyone who looks at you will hear Jojo music in their head,t3_iy9ug8,1600895622.0
878,It is impossible for everyone in your vicinity to filter out the rude words from their speech.,t3_iysl5d,1600960840.0
879,You can turn your fingers into fish fingers,t3_iyn9x6,1600939045.0
880,"When your bladder is full, it becomes a deity that must be worshiped in the eyes of others and a demon that must be killed when it’s empty.",t3_iyoope,1600943991.0
881,You can fasttalk people about why they should become a jehovah's witness until you are completely exausted,t3_iyrnhg,1600956021.0
882,You can read minds and you hear it in a long lost dialect,t3_iymi35,1600936570.0
883,"Every time you fart, a random person around the world gains the ability to burp 0.1 decibels louder.",t3_iyc58m,1600903261.0
884,Nickelback songs for receiving nickels,t3_iyrc21,1600954587.0
885,You are biologically immortal. You can’t die of of old age yet you will still be susceptible to diseases and physical trauma,t3_iyhw5h,1600920288.0
886,"You are Invisible, but only when nothing is looking at you.",t3_iybz0o,1600902712.0
887,You can make subways go out of service at will,t3_iym5v4,1600933626.0
888,promises made to someone on their deathbed will have the exact opposite effect,t3_iyp9br,1600946107.0
889,You can weaponize turtles by shoving them in people’s asses,t3_iyf6e7,1600912371.0
890,Turning a computer off and on again fixes every computer problem,t3_iyimv7,1600922471.0
891,You can turn plastic into paper,t3_iyksy4,1600929107.0
892,Your pinky toe has the ability to find the corner of anything while walking or running.,t3_iybc14,1600900656.0
893,Your dick appears 2 inches larger when women aren't looking at it,t3_iycaq8,1600903725.0
894,you can waterbend the toilet water that you shit in,t3_iyi76l,1600921172.0
895,"You can fly, just an inch off the ground",t3_iye4uh,1600909320.0
896,You can slow time by making people uncomfortable. The more awkward the slower time passes.,t3_iyh2um,1600917988.0
897,You can open a portal to any place in the universe except you cant control the size and it never closes.,t3_iyfm4j,1600913666.0
898,You can tickle anyone at a range of 10 meters,t3_iy7hnx,1600885199.0
899,You can make anybody's farts sould like a song of your choosing.,t3_iybsdo,1600902140.0
900,You will not experience the fear of falling off the chair everytime you lean back a little bit too much,t3_iyc4ll,1600903207.0
901,"Every time you break something, it immediately becomes clean",t3_iyibra,1600921547.0
902,Everything you say is a JoJo reference.,t3_iydzwm,1600908908.0
903,You can control the rate at which time flows for everyone and everything everywhere while maintaining precisely the relativity matrix within which the universe operates.,t3_iym16c,1600933206.0
904,You can control all of the world’s warm mashed potatoes at once,t3_iydapw,1600906837.0
905,whenever chewing gum your shoe gets gum on it the worst things that can get on it get on it.,t3_iykfsb,1600927980.0
906,Your penis can switch places with any hole in your body.,t3_iyhz3i,1600920510.0
907,Every chair you sit on has a 70/30 chance of falling apart,t3_iybfkh,1600900975.0
908,People can't talk shit behind your back,t3_iycc8m,1600903861.0
909,You can make your piss any color if you ate food with that color within 24 hours.,t3_iyhspx,1600920018.0
910,"Everytime you get punched/hurt, a ""harder, daddy"" sound effect plays",t3_iybbaw,1600900592.0
911,You can perfectly mimic the voice of Bill Cosby while on television.,t3_iyfn1a,1600913745.0
912,Designated driver hangovers,t3_iyr88t,1600954114.0
913,"You can see the future, only the cringy moments that will happen to you and nothing else.",t3_iyc8xh,1600903572.0
914,You can stop someone else from sneezing and it makes you sneeze instead.,t3_iyjjal,1600925139.0
915,People Cannot open the post and see the rest of the text in the discription,t3_iycd21,1600903936.0
916,You can grind salt and pepper by holding them in your palm and moving your hands as if you are using a salt grinder,t3_iyf5h2,1600912292.0
917,You can get that one hair off your younger on the first try,t3_iyq444,1600949364.0
918,You can always get the pre-order bonus for videogames,t3_iyapiv,1600898576.0
919,You can teleport 1-3.Ft in a random direction,t3_iybj7o,1600901319.0
920,"Whenever you want to rexperience nostalgia, you can time travel to that point of time.",t3_iybygp,1600902662.0
921,"Everything you see is a flaming homosexual, and people who are flaming homosexual, are straight lawyers",t3_iyel77,1600910636.0
922,Mosquitoes are happy to see you.,t3_iyalnn,1600898233.0
923,You can loose hair whenever you want and it falls all at once,t3_iyjz1d,1600926524.0
924,"You can see and talk to dead people. They don't say or do anything, themselves though, because they're dead.",t3_ixjfh2,1600791780.0
925,Everytime you touch a dog he will massively cum,t3_iy7gar,1600884987.0
926,You are deaf while sleeping.,t3_iy7qn4,1600886492.0
927,You can read people's minds. Everything is translated into a language you can't understand.,t3_iy5tgl,1600875955.0
928,"You can say the n word and black people will see you black everytime you say it, so you good",t3_iy7h9x,1600885141.0
929,The ability to predict the weather everytime you get a migraine.,t3_iy9w13,1600895784.0
930,What ever you do will always be reflected back on you except with a 100x multiplier such as hit a person softly your head will explode or you will get severe brain trauma.,t3_iyf1zd,1600912002.0
931,You can telepathically project the comebacks you make in the shower.,t3_iy3lpd,1600864562.0
932,"Every time you upvote anything on Reddit, the post gets a free silver award.",t3_ixyztp,1600846703.0
933,Every door you want to open unlocks immediately,t3_iy76v5,1600883601.0
934,You can now instantly tell if someone has lost a game of russian roulette.,t3_iy593v,1600872870.0
935,You can make random objects grow hair of any length.,t3_iy3pr3,1600865076.0
936,"Everytime you go take a dump, you become the best singer in the entire world",t3_iy7i0l,1600885251.0
937,Your crush and any girl on the world will consider you attractive,t3_iy7gze,1600885093.0
938,You can predict tomorrow’s fake news,t3_iy6kti,1600880175.0
939,You can change the curvature of beans,t3_iy0gfs,1600852058.0
940,You put a industrial smelter in Roblox Skyblock in another person's chest that is not yours,t3_iyag9f,1600897725.0
941,You have all the knowledge of how to play a violin when holding a guitar.,t3_ixweml,1600837866.0
942,"Anytime you’re around any kind of corn, it turns into popcorn",t3_iy2rjh,1600860983.0
943,Everytime you get hit by a car it changes color,t3_iy1qku,1600856920.0
944,"Whenever you're in a public bathroom, you have the ability to turn into an insect of your choise. You can only turn back into a human in a kitchen",t3_iy6j8w,1600879930.0
945,You aren’t able to... yeah that’s it you just aren’t able to,t3_iy232e,1600858257.0
946,You can guess the expiration date of food and drink just by looking at the tag.,t3_ixx81x,1600840476.0
947,You can grow your toes any length you want.,t3_ixz4hk,1600847161.0
948,"You can open up a character customization menu for real people by saying ""Tell me about yourself, are you a boy or a girl?"" to them. Only they get to choose what to change.",t3_iy0tl8,1600853411.0
949,"When you kiss someone, wherever you are, a pigeon will find you and shit on you.",t3_iy45kw,1600867187.0
950,Whenever someone says «I’m so hungry I could eat a whole (insert animal)» you can summon said animal and the person is forced to eat it.,t3_ixq629,1600818998.0
951,You do not have the ability to be able to,t3_ixwuat,1600839242.0
952,"You are the most Beautiful person alive, only when no one is looking",t3_iy3x99,1600866073.0
953,Every time you masturbate one of your friends will simultaneously cum with you,t3_iy29nu,1600858976.0
954,You change your gender after having sex.,t3_ixlkub,1600803063.0
955,"Whenever you say “Or is it?”, Vsauce music starts playing",t3_ixqyc6,1600821334.0
956,You get to choose your own power in the comments and I reply with side effects,t3_ixx5hq,1600840248.0
957,"You summon any object in front of you by scheming at the top of your lungs ""GIVE ME (insert object here)!""",t3_ixyibi,1600844945.0
958,"Everytime you sneeze, you teleport, you cant control your sneezes or where you teleport to.",t3_ixvm10,1600835384.0
